city,city_ibge_code,date,epidemiological_week,estimated_population,estimated_population_2019,is_last,is_repeated,last_available_confirmed,last_available_confirmed_per_100k_inhabitants,last_available_date,last_available_death_rate,last_available_deaths,order_for_place,place_type,state,new_confirmed,new_deaths
São José do Rio Preto,3549805.0,2020-03-18,202012,464983.0,460671.0,False,False,1,0.21506,2020-03-18,0.0,0,1,city,SP,1,0
São José do Rio Preto,3549805.0,2020-03-19,202012,464983.0,460671.0,False,False,1,0.21506,2020-03-19,0.0,0,2,city,SP,0,0
São José do Rio Preto,3549805.0,2020-03-20,202012,464983.0,460671.0,False,False,1,0.21506,2020-03-20,0.0,0,3,city,SP,0,0
São José do Rio Preto,3549805.0,2020-03-21,202012,464983.0,460671.0,False,True,1,0.21506,2020-03-20,0.0,0,4,city,SP,0,0
São José do Rio Preto,3549805.0,2020-03-22,202013,464983.0,460671.0,False,True,1,0.21506,2020-03-20,0.0,0,5,city,SP,0,0
São José do Rio Preto,3549805.0,2020-03-23,202013,464983.0,460671.0,False,True,1,0.21506,2020-03-20,0.0,0,6,city,SP,0,0
São José do Rio Preto,3549805.0,2020-03-24,202013,464983.0,460671.0,False,True,1,0.21506,2020-03-20,0.0,0,7,city,SP,0,0
São José do Rio Preto,3549805.0,2020-03-25,202013,464983.0,460671.0,False,False,1,0.21506,2020-03-25,0.0,0,8,city,SP,0,0
São José do Rio Preto,3549805.0,2020-03-26,202013,464983.0,460671.0,False,False,1,0.21506,2020-03-26,0.0,0,9,city,SP,0,0
São José do Rio Preto,3549805.0,2020-03-27,202013,464983.0,460671.0,False,False,1,0.21506,2020-03-27,0.0,0,10,city,SP,0,0
São José do Rio Preto,3549805.0,2020-03-28,202013,464983.0,460671.0,False,True,1,0.21506,2020-03-27,0.0,0,11,city,SP,0,0
São José do Rio Preto,3549805.0,2020-03-29,202014,464983.0,460671.0,False,True,1,0.21506,2020-03-27,0.0,0,12,city,SP,0,0
São José do Rio Preto,3549805.0,2020-03-30,202014,464983.0,460671.0,False,False,3,0.64518,2020-03-30,0.0,0,13,city,SP,2,0
São José do Rio Preto,3549805.0,2020-03-31,202014,464983.0,460671.0,False,False,6,1.29037,2020-03-31,0.0,0,14,city,SP,3,0
São José do Rio Preto,3549805.0,2020-04-01,202014,464983.0,460671.0,False,False,7,1.5054299999999998,2020-04-01,0.0,0,15,city,SP,1,0
São José do Rio Preto,3549805.0,2020-04-02,202014,464983.0,460671.0,False,False,7,1.5054299999999998,2020-04-02,0.0,0,16,city,SP,0,0
São José do Rio Preto,3549805.0,2020-04-03,202014,464983.0,460671.0,False,False,7,1.5054299999999998,2020-04-03,0.0,0,17,city,SP,0,0
São José do Rio Preto,3549805.0,2020-04-04,202014,464983.0,460671.0,False,False,9,1.93555,2020-04-04,0.0,0,18,city,SP,2,0
São José do Rio Preto,3549805.0,2020-04-05,202015,464983.0,460671.0,False,False,10,2.15062,2020-04-05,0.0,0,19,city,SP,1,0
São José do Rio Preto,3549805.0,2020-04-06,202015,464983.0,460671.0,False,False,13,2.7958,2020-04-06,0.0,0,20,city,SP,3,0
São José do Rio Preto,3549805.0,2020-04-07,202015,464983.0,460671.0,False,False,28,6.021730000000001,2020-04-07,0.0357,1,21,city,SP,15,1
São José do Rio Preto,3549805.0,2020-04-08,202015,464983.0,460671.0,False,False,36,7.74222,2020-04-08,0.0278,1,22,city,SP,8,0
São José do Rio Preto,3549805.0,2020-04-09,202015,464983.0,460671.0,False,False,41,8.81753,2020-04-09,0.0244,1,23,city,SP,5,0
São José do Rio Preto,3549805.0,2020-04-10,202015,464983.0,460671.0,False,False,41,8.81753,2020-04-10,0.0244,1,24,city,SP,0,0
São José do Rio Preto,3549805.0,2020-04-11,202015,464983.0,460671.0,False,False,40,8.60247,2020-04-11,0.025,1,25,city,SP,-1,0
São José do Rio Preto,3549805.0,2020-04-12,202016,464983.0,460671.0,False,False,44,9.462710000000001,2020-04-12,0.0227,1,26,city,SP,4,0
São José do Rio Preto,3549805.0,2020-04-13,202016,464983.0,460671.0,False,False,46,9.89283,2020-04-13,0.0217,1,27,city,SP,2,0
São José do Rio Preto,3549805.0,2020-04-14,202016,464983.0,460671.0,False,False,56,12.04345,2020-04-14,0.0536,3,28,city,SP,10,2
São José do Rio Preto,3549805.0,2020-04-15,202016,464983.0,460671.0,False,False,61,13.11876,2020-04-15,0.0492,3,29,city,SP,5,0
São José do Rio Preto,3549805.0,2020-04-16,202016,464983.0,460671.0,False,False,65,13.97901,2020-04-16,0.0462,3,30,city,SP,4,0
São José do Rio Preto,3549805.0,2020-04-17,202016,464983.0,460671.0,False,False,68,14.624189999999999,2020-04-17,0.0588,4,31,city,SP,3,1
São José do Rio Preto,3549805.0,2020-04-18,202016,464983.0,460671.0,False,False,70,15.054310000000001,2020-04-18,0.0571,4,32,city,SP,2,0
São José do Rio Preto,3549805.0,2020-04-19,202017,464983.0,460671.0,False,False,71,15.269379999999998,2020-04-19,0.0845,6,33,city,SP,1,2
São José do Rio Preto,3549805.0,2020-04-20,202017,464983.0,460671.0,False,False,71,15.269379999999998,2020-04-20,0.0986,7,34,city,SP,0,1
São José do Rio Preto,3549805.0,2020-04-21,202017,464983.0,460671.0,False,False,72,15.48444,2020-04-21,0.1111,8,35,city,SP,1,1
São José do Rio Preto,3549805.0,2020-04-22,202017,464983.0,460671.0,False,False,73,15.6995,2020-04-22,0.1096,8,36,city,SP,1,0
São José do Rio Preto,3549805.0,2020-04-23,202017,464983.0,460671.0,False,False,74,15.91456,2020-04-23,0.1081,8,37,city,SP,1,0
São José do Rio Preto,3549805.0,2020-04-24,202017,464983.0,460671.0,False,False,71,15.269379999999998,2020-04-24,0.1127,8,38,city,SP,-3,0
São José do Rio Preto,3549805.0,2020-04-25,202017,464983.0,460671.0,False,False,76,16.34468,2020-04-25,0.1053,8,39,city,SP,5,0
São José do Rio Preto,3549805.0,2020-04-26,202018,464983.0,460671.0,False,False,77,16.55975,2020-04-26,0.1039,8,40,city,SP,1,0
São José do Rio Preto,3549805.0,2020-04-27,202018,464983.0,460671.0,False,False,82,17.63505,2020-04-27,0.0976,8,41,city,SP,5,0
São José do Rio Preto,3549805.0,2020-04-28,202018,464983.0,460671.0,False,False,83,17.85011,2020-04-28,0.0964,8,42,city,SP,1,0
São José do Rio Preto,3549805.0,2020-04-29,202018,464983.0,460671.0,False,False,85,18.28024,2020-04-29,0.0941,8,43,city,SP,2,0
São José do Rio Preto,3549805.0,2020-04-30,202018,464983.0,460671.0,False,False,88,18.925420000000003,2020-04-30,0.0909,8,44,city,SP,3,0
São José do Rio Preto,3549805.0,2020-05-01,202018,464983.0,460671.0,False,False,92,19.78567,2020-05-01,0.087,8,45,city,SP,4,0
São José do Rio Preto,3549805.0,2020-05-02,202018,464983.0,460671.0,False,False,112,24.0869,2020-05-02,0.0714,8,46,city,SP,20,0
São José do Rio Preto,3549805.0,2020-05-03,202019,464983.0,460671.0,False,False,109,23.44172,2020-05-03,0.0734,8,47,city,SP,-3,0
São José do Rio Preto,3549805.0,2020-05-04,202019,464983.0,460671.0,False,False,115,24.73209,2020-05-04,0.0696,8,48,city,SP,6,0
São José do Rio Preto,3549805.0,2020-05-05,202019,464983.0,460671.0,False,False,117,25.16221,2020-05-05,0.0769,9,49,city,SP,2,1
São José do Rio Preto,3549805.0,2020-05-06,202019,464983.0,460671.0,False,False,134,28.81826,2020-05-06,0.0672,9,50,city,SP,17,0
São José do Rio Preto,3549805.0,2020-05-07,202019,464983.0,460671.0,False,False,142,30.53875,2020-05-07,0.0704,10,51,city,SP,8,1
São José do Rio Preto,3549805.0,2020-05-08,202019,464983.0,460671.0,False,False,162,34.83998,2020-05-08,0.0617,10,52,city,SP,20,0
São José do Rio Preto,3549805.0,2020-05-09,202019,464983.0,460671.0,False,False,198,42.5822,2020-05-09,0.0505,10,53,city,SP,36,0
São José do Rio Preto,3549805.0,2020-05-10,202020,464983.0,460671.0,False,False,275,59.14195,2020-05-10,0.0364,10,54,city,SP,77,0
São José do Rio Preto,3549805.0,2020-05-11,202020,464983.0,460671.0,False,False,276,59.357009999999995,2020-05-11,0.0362,10,55,city,SP,1,0
São José do Rio Preto,3549805.0,2020-05-12,202020,464983.0,460671.0,False,False,295,63.443180000000005,2020-05-12,0.0339,10,56,city,SP,19,0
São José do Rio Preto,3549805.0,2020-05-13,202020,464983.0,460671.0,False,False,307,66.02391999999999,2020-05-13,0.0326,10,57,city,SP,12,0
São José do Rio Preto,3549805.0,2020-05-14,202020,464983.0,460671.0,False,False,325,69.89503,2020-05-14,0.0338,11,58,city,SP,18,1
São José do Rio Preto,3549805.0,2020-05-15,202020,464983.0,460671.0,False,False,349,75.05651,2020-05-15,0.0344,12,59,city,SP,24,1
São José do Rio Preto,3549805.0,2020-05-16,202020,464983.0,460671.0,False,False,358,76.99206,2020-05-16,0.0335,12,60,city,SP,9,0
São José do Rio Preto,3549805.0,2020-05-17,202021,464983.0,460671.0,False,False,359,77.20711999999999,2020-05-17,0.0334,12,61,city,SP,1,0
São José do Rio Preto,3549805.0,2020-05-18,202021,464983.0,460671.0,False,False,422,90.75601,2020-05-18,0.0308,13,62,city,SP,63,1
São José do Rio Preto,3549805.0,2020-05-19,202021,464983.0,460671.0,False,False,428,92.04638,2020-05-19,0.0374,16,63,city,SP,6,3
São José do Rio Preto,3549805.0,2020-05-20,202021,464983.0,460671.0,False,False,438,94.19699,2020-05-20,0.0388,17,64,city,SP,10,1
São José do Rio Preto,3549805.0,2020-05-21,202021,464983.0,460671.0,False,False,448,96.34761,2020-05-21,0.0402,18,65,city,SP,10,1
São José do Rio Preto,3549805.0,2020-05-22,202021,464983.0,460671.0,False,False,462,99.35847,2020-05-22,0.039,18,66,city,SP,14,0
São José do Rio Preto,3549805.0,2020-05-23,202021,464983.0,460671.0,False,False,537,115.48808999999999,2020-05-23,0.0335,18,67,city,SP,75,0
São José do Rio Preto,3549805.0,2020-05-24,202022,464983.0,460671.0,False,False,554,119.14414,2020-05-24,0.0325,18,68,city,SP,17,0
São José do Rio Preto,3549805.0,2020-05-25,202022,464983.0,460671.0,False,False,562,120.86463,2020-05-25,0.0338,19,69,city,SP,8,1
São José do Rio Preto,3549805.0,2020-05-26,202022,464983.0,460671.0,False,False,568,122.155,2020-05-26,0.0352,20,70,city,SP,6,1
São José do Rio Preto,3549805.0,2020-05-27,202022,464983.0,460671.0,False,False,585,125.81105,2020-05-27,0.0342,20,71,city,SP,17,0
São José do Rio Preto,3549805.0,2020-05-28,202022,464983.0,460671.0,False,False,598,128.60685,2020-05-28,0.0334,20,72,city,SP,13,0
São José do Rio Preto,3549805.0,2020-05-29,202022,464983.0,460671.0,False,False,634,136.34906999999998,2020-05-29,0.0363,23,73,city,SP,36,3
São José do Rio Preto,3549805.0,2020-05-30,202022,464983.0,460671.0,False,False,677,145.59672,2020-05-30,0.034,23,74,city,SP,43,0
São José do Rio Preto,3549805.0,2020-05-31,202023,464983.0,460671.0,False,False,697,149.89795,2020-05-31,0.033,23,75,city,SP,20,0
São José do Rio Preto,3549805.0,2020-06-01,202023,464983.0,460671.0,False,False,700,150.54314,2020-06-01,0.0329,23,76,city,SP,3,0
São José do Rio Preto,3549805.0,2020-06-02,202023,464983.0,460671.0,False,False,736,158.28536,2020-06-02,0.0312,23,77,city,SP,36,0
São José do Rio Preto,3549805.0,2020-06-03,202023,464983.0,460671.0,False,False,754,162.15646999999998,2020-06-03,0.0279,21,78,city,SP,18,-2
São José do Rio Preto,3549805.0,2020-06-04,202023,464983.0,460671.0,False,False,807,173.55473,2020-06-04,0.0285,23,79,city,SP,53,2
São José do Rio Preto,3549805.0,2020-06-05,202023,464983.0,460671.0,False,False,827,177.85596,2020-06-05,0.0278,23,80,city,SP,20,0
São José do Rio Preto,3549805.0,2020-06-06,202023,464983.0,460671.0,False,False,840,180.65177,2020-06-06,0.0274,23,81,city,SP,13,0
São José do Rio Preto,3549805.0,2020-06-07,202024,464983.0,460671.0,False,False,862,185.38312,2020-06-07,0.0302,26,82,city,SP,22,3
São José do Rio Preto,3549805.0,2020-06-08,202024,464983.0,460671.0,False,False,919,197.64163,2020-06-08,0.0294,27,83,city,SP,57,1
São José do Rio Preto,3549805.0,2020-06-09,202024,464983.0,460671.0,False,False,978,210.33027,2020-06-09,0.0317,31,84,city,SP,59,4
São José do Rio Preto,3549805.0,2020-06-10,202024,464983.0,460671.0,False,False,1006,216.352,2020-06-10,0.0308,31,85,city,SP,28,0
São José do Rio Preto,3549805.0,2020-06-11,202024,464983.0,460671.0,False,False,1059,227.75026,2020-06-11,0.0293,31,86,city,SP,53,0
São José do Rio Preto,3549805.0,2020-06-12,202024,464983.0,460671.0,False,False,1169,251.40704,2020-06-12,0.0291,34,87,city,SP,110,3
São José do Rio Preto,3549805.0,2020-06-13,202024,464983.0,460671.0,False,False,1245,267.75172000000003,2020-06-13,0.0289,36,88,city,SP,76,2
São José do Rio Preto,3549805.0,2020-06-14,202025,464983.0,460671.0,False,False,1284,276.13912999999997,2020-06-14,0.0288,37,89,city,SP,39,1
São José do Rio Preto,3549805.0,2020-06-15,202025,464983.0,460671.0,False,False,1301,279.79517999999996,2020-06-15,0.03,39,90,city,SP,17,2
São José do Rio Preto,3549805.0,2020-06-16,202025,464983.0,460671.0,False,False,1323,284.52653,2020-06-16,0.0317,42,91,city,SP,22,3
São José do Rio Preto,3549805.0,2020-06-17,202025,464983.0,460671.0,False,False,1352,290.76332,2020-06-17,0.034,46,92,city,SP,29,4
São José do Rio Preto,3549805.0,2020-06-18,202025,464983.0,460671.0,False,False,1364,293.34406,2020-06-18,0.0337,46,93,city,SP,12,0
São José do Rio Preto,3549805.0,2020-06-19,202025,464983.0,460671.0,False,False,1629,350.33539,2020-06-19,0.0319,52,94,city,SP,265,6
São José do Rio Preto,3549805.0,2020-06-20,202025,464983.0,460671.0,False,False,1718,369.47587000000004,2020-06-20,0.0308,53,95,city,SP,89,1
São José do Rio Preto,3549805.0,2020-06-21,202026,464983.0,460671.0,False,False,1798,386.6808,2020-06-21,0.03,54,96,city,SP,80,1
São José do Rio Preto,3549805.0,2020-06-22,202026,464983.0,460671.0,False,False,1832,393.9929,2020-06-22,0.03,55,97,city,SP,34,1
São José do Rio Preto,3549805.0,2020-06-23,202026,464983.0,460671.0,False,False,1900,408.61709,2020-06-23,0.0316,60,98,city,SP,68,5
São José do Rio Preto,3549805.0,2020-06-24,202026,464983.0,460671.0,False,False,1993,428.61782,2020-06-24,0.0301,60,99,city,SP,93,0
São José do Rio Preto,3549805.0,2020-06-25,202026,464983.0,460671.0,False,False,2085,448.40349000000003,2020-06-25,0.0293,61,100,city,SP,92,1
São José do Rio Preto,3549805.0,2020-06-26,202026,464983.0,460671.0,False,False,2236,480.8778,2020-06-26,0.0295,66,101,city,SP,151,5
São José do Rio Preto,3549805.0,2020-06-27,202026,464983.0,460671.0,False,False,2313,497.43754,2020-06-27,0.0303,70,102,city,SP,77,4
São José do Rio Preto,3549805.0,2020-06-28,202027,464983.0,460671.0,False,False,2477,532.70765,2020-06-28,0.0287,71,103,city,SP,164,1
São José do Rio Preto,3549805.0,2020-06-29,202027,464983.0,460671.0,False,False,2575,553.7836900000001,2020-06-29,0.0295,76,104,city,SP,98,5
São José do Rio Preto,3549805.0,2020-06-30,202027,464983.0,460671.0,False,False,2597,558.51504,2020-06-30,0.0308,80,105,city,SP,22,4
São José do Rio Preto,3549805.0,2020-07-01,202027,464983.0,460671.0,False,False,2733,587.76342,2020-07-01,0.03,82,106,city,SP,136,2
São José do Rio Preto,3549805.0,2020-07-02,202027,464983.0,460671.0,False,False,2881,619.59254,2020-07-02,0.0292,84,107,city,SP,148,2
São José do Rio Preto,3549805.0,2020-07-03,202027,464983.0,460671.0,False,False,3062,658.5187,2020-07-03,0.0281,86,108,city,SP,181,2
São José do Rio Preto,3549805.0,2020-07-04,202027,464983.0,460671.0,False,False,3070,660.23919,2020-07-04,0.0296,91,109,city,SP,8,5
São José do Rio Preto,3549805.0,2020-07-05,202028,464983.0,460671.0,False,False,3255,700.0255900000001,2020-07-05,0.0289,94,110,city,SP,185,3
São José do Rio Preto,3549805.0,2020-07-06,202028,464983.0,460671.0,False,False,3328,715.72509,2020-07-06,0.0294,98,111,city,SP,73,4
São José do Rio Preto,3549805.0,2020-07-07,202028,464983.0,460671.0,False,False,3420,735.51076,2020-07-07,0.0313,107,112,city,SP,92,9
São José do Rio Preto,3549805.0,2020-07-08,202028,464983.0,460671.0,False,False,3610,776.37247,2020-07-08,0.031,112,113,city,SP,190,5
São José do Rio Preto,3549805.0,2020-07-09,202028,464983.0,460671.0,False,False,3883,835.08429,2020-07-09,0.0304,118,114,city,SP,273,6
São José do Rio Preto,3549805.0,2020-07-10,202028,464983.0,460671.0,False,False,4080,877.4514300000001,2020-07-10,0.0301,123,115,city,SP,197,5
São José do Rio Preto,3549805.0,2020-07-11,202028,464983.0,460671.0,False,False,4281,920.67882,2020-07-11,0.029,124,116,city,SP,201,1
São José do Rio Preto,3549805.0,2020-07-12,202029,464983.0,460671.0,False,False,4417,949.9272,2020-07-12,0.0294,130,117,city,SP,136,6
São José do Rio Preto,3549805.0,2020-07-13,202029,464983.0,460671.0,False,False,4539,976.1647199999999,2020-07-13,0.0295,134,118,city,SP,122,4
São José do Rio Preto,3549805.0,2020-07-14,202029,464983.0,460671.0,False,False,4687,1007.9938400000001,2020-07-14,0.0292,137,119,city,SP,148,3
São José do Rio Preto,3549805.0,2020-07-15,202029,464983.0,460671.0,False,False,4890,1051.65135,2020-07-15,0.0286,140,120,city,SP,203,3
São José do Rio Preto,3549805.0,2020-07-16,202029,464983.0,460671.0,False,False,5300,1139.8266199999998,2020-07-16,0.0283,150,121,city,SP,410,10
São José do Rio Preto,3549805.0,2020-07-17,202029,464983.0,460671.0,False,False,5530,1189.29079,2020-07-17,0.0282,156,122,city,SP,230,6
São José do Rio Preto,3549805.0,2020-07-18,202029,464983.0,460671.0,False,False,5597,1203.69992,2020-07-18,0.0293,164,123,city,SP,67,8
São José do Rio Preto,3549805.0,2020-07-19,202030,464983.0,460671.0,False,False,5668,1218.9693,2020-07-19,0.0298,169,124,city,SP,71,5
São José do Rio Preto,3549805.0,2020-07-20,202030,464983.0,460671.0,False,False,5682,1221.98016,2020-07-20,0.0304,173,125,city,SP,14,4
São José do Rio Preto,3549805.0,2020-07-21,202030,464983.0,460671.0,False,False,5997,1289.7245699999999,2020-07-21,0.0297,178,126,city,SP,315,5
São José do Rio Preto,3549805.0,2020-07-22,202030,464983.0,460671.0,False,False,6618,1423.27784,2020-07-22,0.0273,181,127,city,SP,621,3
São José do Rio Preto,3549805.0,2020-07-23,202030,464983.0,460671.0,False,False,6832,1469.30103,2020-07-23,0.0275,188,128,city,SP,214,7
São José do Rio Preto,3549805.0,2020-07-24,202030,464983.0,460671.0,False,False,7037,1513.38866,2020-07-24,0.028,197,129,city,SP,205,9
São José do Rio Preto,3549805.0,2020-07-25,202030,464983.0,460671.0,False,False,7369,1584.78912,2020-07-25,0.0273,201,130,city,SP,332,4
São José do Rio Preto,3549805.0,2020-07-26,202031,464983.0,460671.0,False,False,7578,1629.737,2020-07-26,0.0269,204,131,city,SP,209,3
São José do Rio Preto,3549805.0,2020-07-27,202031,464983.0,460671.0,False,False,7687,1653.1787199999999,2020-07-27,0.0274,211,132,city,SP,109,7
São José do Rio Preto,3549805.0,2020-07-28,202031,464983.0,460671.0,False,False,7915,1702.2127699999999,2020-07-28,0.0279,221,133,city,SP,228,10
São José do Rio Preto,3549805.0,2020-07-29,202031,464983.0,460671.0,False,False,8370,1800.06581,2020-07-29,0.0275,230,134,city,SP,455,9
São José do Rio Preto,3549805.0,2020-07-30,202031,464983.0,460671.0,False,False,8654,1861.1433100000002,2020-07-30,0.0273,236,135,city,SP,284,6
São José do Rio Preto,3549805.0,2020-07-31,202031,464983.0,460671.0,False,False,8894,1912.7581,2020-07-31,0.027,240,136,city,SP,240,4
São José do Rio Preto,3549805.0,2020-08-01,202031,464983.0,460671.0,False,False,9124,1962.22227,2020-08-01,0.0266,243,137,city,SP,230,3
São José do Rio Preto,3549805.0,2020-08-02,202032,464983.0,460671.0,False,False,9235,1986.09412,2020-08-02,0.0266,246,138,city,SP,111,3
São José do Rio Preto,3549805.0,2020-08-03,202032,464983.0,460671.0,False,False,9312,2002.6538600000001,2020-08-03,0.0267,249,139,city,SP,77,3
São José do Rio Preto,3549805.0,2020-08-04,202032,464983.0,460671.0,False,False,9719,2090.18394,2020-08-04,0.0263,256,140,city,SP,407,7
São José do Rio Preto,3549805.0,2020-08-05,202032,464983.0,460671.0,False,False,10033,2157.7132899999997,2020-08-05,0.0259,260,141,city,SP,314,4
São José do Rio Preto,3549805.0,2020-08-06,202032,464983.0,460671.0,False,False,10418,2240.51202,2020-08-06,0.0258,269,142,city,SP,385,9
São José do Rio Preto,3549805.0,2020-08-07,202032,464983.0,460671.0,False,False,11035,2373.20504,2020-08-07,0.0249,275,143,city,SP,617,6
São José do Rio Preto,3549805.0,2020-08-08,202032,464983.0,460671.0,False,False,11568,2487.8328899999997,2020-08-08,0.0246,284,144,city,SP,533,9
São José do Rio Preto,3549805.0,2020-08-09,202033,464983.0,460671.0,False,False,11809,2539.6627399999998,2020-08-09,0.0246,291,145,city,SP,241,7
São José do Rio Preto,3549805.0,2020-08-10,202033,464983.0,460671.0,False,False,11894,2557.9429800000003,2020-08-10,0.0248,295,146,city,SP,85,4
São José do Rio Preto,3549805.0,2020-08-11,202033,464983.0,460671.0,False,False,12036,2588.48173,2020-08-11,0.0252,303,147,city,SP,142,8
São José do Rio Preto,3549805.0,2020-08-12,202033,464983.0,460671.0,False,False,12361,2658.37676,2020-08-12,0.0252,312,148,city,SP,325,9
São José do Rio Preto,3549805.0,2020-08-13,202033,464983.0,460671.0,False,False,12655,2721.60488,2020-08-13,0.025,317,149,city,SP,294,5
São José do Rio Preto,3549805.0,2020-08-14,202033,464983.0,460671.0,False,False,13093,2815.80187,2020-08-14,0.0249,326,150,city,SP,438,9
São José do Rio Preto,3549805.0,2020-08-15,202033,464983.0,460671.0,False,False,13461,2894.94455,2020-08-15,0.0244,328,151,city,SP,368,2
São José do Rio Preto,3549805.0,2020-08-16,202034,464983.0,460671.0,False,False,13547,2913.43985,2020-08-16,0.0244,331,152,city,SP,86,3
São José do Rio Preto,3549805.0,2020-08-17,202034,464983.0,460671.0,False,False,13622,2929.56947,2020-08-17,0.0247,337,153,city,SP,75,6
São José do Rio Preto,3549805.0,2020-08-18,202034,464983.0,460671.0,False,False,13803,2968.49562,2020-08-18,0.0251,346,154,city,SP,181,9
São José do Rio Preto,3549805.0,2020-08-19,202034,464983.0,460671.0,False,False,14073,3026.56226,2020-08-19,0.0249,351,155,city,SP,270,5
São José do Rio Preto,3549805.0,2020-08-20,202034,464983.0,460671.0,False,False,14460,3109.79111,2020-08-20,0.0249,360,156,city,SP,387,9
São José do Rio Preto,3549805.0,2020-08-21,202034,464983.0,460671.0,False,False,14646,3149.79257,2020-08-21,0.025,366,157,city,SP,186,6
São José do Rio Preto,3549805.0,2020-08-22,202034,464983.0,460671.0,False,False,15076,3242.26907,2020-08-22,0.0247,373,158,city,SP,430,7
São José do Rio Preto,3549805.0,2020-08-23,202035,464983.0,460671.0,False,False,15284,3287.00189,2020-08-23,0.0247,378,159,city,SP,208,5
São José do Rio Preto,3549805.0,2020-08-24,202035,464983.0,460671.0,False,False,15378,3307.21768,2020-08-24,0.0248,382,160,city,SP,94,4
São José do Rio Preto,3549805.0,2020-08-25,202035,464983.0,460671.0,False,False,15518,3337.3263100000004,2020-08-25,0.0253,392,161,city,SP,140,10
São José do Rio Preto,3549805.0,2020-08-26,202035,464983.0,460671.0,False,False,15905,3420.5551600000003,2020-08-26,0.025,397,162,city,SP,387,5
São José do Rio Preto,3549805.0,2020-08-27,202035,464983.0,460671.0,False,False,16223,3488.9447600000003,2020-08-27,0.0248,402,163,city,SP,318,5
São José do Rio Preto,3549805.0,2020-08-28,202035,464983.0,460671.0,False,False,16521,3553.0331200000005,2020-08-28,0.0247,408,164,city,SP,298,6
São José do Rio Preto,3549805.0,2020-08-29,202035,464983.0,460671.0,False,True,16521,3553.0331200000005,2020-08-28,0.0247,408,165,city,SP,0,0
São José do Rio Preto,3549805.0,2020-08-30,202036,464983.0,460671.0,False,False,16783,3609.3792700000004,2020-08-30,0.025,420,166,city,SP,262,12
São José do Rio Preto,3549805.0,2020-08-31,202036,464983.0,460671.0,False,False,16847,3623.14321,2020-08-31,0.0252,425,167,city,SP,64,5
São José do Rio Preto,3549805.0,2020-09-01,202036,464983.0,460671.0,False,False,16966,3648.73555,2020-09-01,0.0256,435,168,city,SP,119,10
São José do Rio Preto,3549805.0,2020-09-02,202036,464983.0,460671.0,False,False,17408,3743.7927799999998,2020-09-02,0.0253,440,169,city,SP,442,5
São José do Rio Preto,3549805.0,2020-09-03,202036,464983.0,460671.0,False,False,17728,3812.6125,2020-09-03,0.0254,451,170,city,SP,320,11
São José do Rio Preto,3549805.0,2020-09-04,202036,464983.0,460671.0,False,False,17898,3849.17298,2020-09-04,0.0258,461,171,city,SP,170,10
São José do Rio Preto,3549805.0,2020-09-05,202036,464983.0,460671.0,False,False,18107,3894.12086,2020-09-05,0.0259,469,172,city,SP,209,8
São José do Rio Preto,3549805.0,2020-09-06,202037,464983.0,460671.0,False,False,18232,3921.00356,2020-09-06,0.0259,473,173,city,SP,125,4
São José do Rio Preto,3549805.0,2020-09-07,202037,464983.0,460671.0,False,True,18232,3921.00356,2020-09-06,0.0259,473,174,city,SP,0,0
São José do Rio Preto,3549805.0,2020-09-08,202037,464983.0,460671.0,False,False,18377,3952.1875,2020-09-08,0.0265,487,175,city,SP,145,14
São José do Rio Preto,3549805.0,2020-09-09,202037,464983.0,460671.0,False,False,18527,3984.44674,2020-09-09,0.0266,493,176,city,SP,150,6
São José do Rio Preto,3549805.0,2020-09-10,202037,464983.0,460671.0,False,False,18740,4030.25487,2020-09-10,0.0268,503,177,city,SP,213,10
São José do Rio Preto,3549805.0,2020-09-11,202037,464983.0,460671.0,False,False,18981,4082.0847200000003,2020-09-11,0.0269,511,178,city,SP,241,8
São José do Rio Preto,3549805.0,2020-09-12,202037,464983.0,460671.0,False,False,19227,4134.98988,2020-09-12,0.0269,518,179,city,SP,246,7
São José do Rio Preto,3549805.0,2020-09-13,202038,464983.0,460671.0,False,False,19383,4168.53949,2020-09-13,0.0269,522,180,city,SP,156,4
São José do Rio Preto,3549805.0,2020-09-14,202038,464983.0,460671.0,False,False,19433,4179.292579999999,2020-09-14,0.0274,532,181,city,SP,50,10
São José do Rio Preto,3549805.0,2020-09-15,202038,464983.0,460671.0,False,False,19563,4207.25059,2020-09-15,0.0276,540,182,city,SP,130,8
São José do Rio Preto,3549805.0,2020-09-16,202038,464983.0,460671.0,False,False,19719,4240.8002,2020-09-16,0.0275,542,183,city,SP,156,2
São José do Rio Preto,3549805.0,2020-09-17,202038,464983.0,460671.0,False,False,19872,4273.704629999999,2020-09-17,0.0277,550,184,city,SP,153,8
São José do Rio Preto,3549805.0,2020-09-18,202038,464983.0,460671.0,False,False,20175,4338.8683,2020-09-18,0.0274,552,185,city,SP,303,2
São José do Rio Preto,3549805.0,2020-09-19,202038,464983.0,460671.0,False,False,20383,4383.60112,2020-09-19,0.0274,559,186,city,SP,208,7
São José do Rio Preto,3549805.0,2020-09-20,202039,464983.0,460671.0,False,False,20510,4410.91395,2020-09-20,0.0274,561,187,city,SP,127,2
São José do Rio Preto,3549805.0,2020-09-21,202039,464983.0,460671.0,False,False,20576,4425.10801,2020-09-21,0.0276,568,188,city,SP,66,7
São José do Rio Preto,3549805.0,2020-09-22,202039,464983.0,460671.0,False,False,20731,4458.44257,2020-09-22,0.0277,574,189,city,SP,155,6
São José do Rio Preto,3549805.0,2020-09-23,202039,464983.0,460671.0,False,False,20937,4502.745260000001,2020-09-23,0.0277,580,190,city,SP,206,6
São José do Rio Preto,3549805.0,2020-09-24,202039,464983.0,460671.0,False,False,21129,4544.03709,2020-09-24,0.0276,583,191,city,SP,192,3
São José do Rio Preto,3549805.0,2020-09-25,202039,464983.0,460671.0,False,False,21396,4601.45855,2020-09-25,0.0273,584,192,city,SP,267,1
São José do Rio Preto,3549805.0,2020-09-26,202039,464983.0,460671.0,False,False,21626,4650.9227200000005,2020-09-26,0.0271,586,193,city,SP,230,2
São José do Rio Preto,3549805.0,2020-09-27,202040,464983.0,460671.0,False,False,21769,4681.67653,2020-09-27,0.0272,593,194,city,SP,143,7
São José do Rio Preto,3549805.0,2020-09-28,202040,464983.0,460671.0,False,False,21843,4697.59109,2020-09-28,0.0273,597,195,city,SP,74,4
São José do Rio Preto,3549805.0,2020-09-29,202040,464983.0,460671.0,False,False,22034,4738.66787,2020-09-29,0.0274,603,196,city,SP,191,6
São José do Rio Preto,3549805.0,2020-09-30,202040,464983.0,460671.0,False,False,22151,4763.83008,2020-09-30,0.0272,603,197,city,SP,117,0
São José do Rio Preto,3549805.0,2020-10-01,202040,464983.0,460671.0,False,False,22448,4827.70338,2020-10-01,0.0271,608,198,city,SP,297,5
São José do Rio Preto,3549805.0,2020-10-02,202040,464983.0,460671.0,False,False,22658,4872.86632,2020-10-02,0.027,612,199,city,SP,210,4
São José do Rio Preto,3549805.0,2020-10-03,202040,464983.0,460671.0,False,False,22869,4918.244320000001,2020-10-03,0.027,617,200,city,SP,211,5
São José do Rio Preto,3549805.0,2020-10-04,202041,464983.0,460671.0,False,True,22869,4918.244320000001,2020-10-03,0.027,617,201,city,SP,0,0
São José do Rio Preto,3549805.0,2020-10-05,202041,464983.0,460671.0,False,True,22869,4918.244320000001,2020-10-03,0.027,617,202,city,SP,0,0
São José do Rio Preto,3549805.0,2020-10-06,202041,464983.0,460671.0,False,False,23083,4964.267510000001,2020-10-06,0.0273,631,203,city,SP,214,14
São José do Rio Preto,3549805.0,2020-10-07,202041,464983.0,460671.0,False,True,23083,4964.267510000001,2020-10-06,0.0273,631,204,city,SP,0,0
São José do Rio Preto,3549805.0,2020-10-08,202041,464983.0,460671.0,False,False,23454,5044.05537,2020-10-08,0.0272,638,205,city,SP,371,7
São José do Rio Preto,3549805.0,2020-10-09,202041,464983.0,460671.0,False,False,23618,5079.3254799999995,2020-10-09,0.0272,643,206,city,SP,164,5
São José do Rio Preto,3549805.0,2020-10-10,202041,464983.0,460671.0,False,False,23768,5111.584720000001,2020-10-10,0.0272,647,207,city,SP,150,4
São José do Rio Preto,3549805.0,2020-10-11,202042,464983.0,460671.0,False,False,23973,5155.6723600000005,2020-10-11,0.0271,649,208,city,SP,205,2
São José do Rio Preto,3549805.0,2020-10-12,202042,464983.0,460671.0,False,False,24041,5170.29655,2020-10-12,0.0271,651,209,city,SP,68,2
São José do Rio Preto,3549805.0,2020-10-13,202042,464983.0,460671.0,False,False,24052,5172.66223,2020-10-13,0.0272,654,210,city,SP,11,3
São José do Rio Preto,3549805.0,2020-10-14,202042,464983.0,460671.0,False,False,24171,5198.25456,2020-10-14,0.0271,656,211,city,SP,119,2
São José do Rio Preto,3549805.0,2020-10-15,202042,464983.0,460671.0,False,False,24303,5226.64269,2020-10-15,0.0271,659,212,city,SP,132,3
São José do Rio Preto,3549805.0,2020-10-16,202042,464983.0,460671.0,False,True,24303,5226.64269,2020-10-15,0.0271,659,213,city,SP,0,0
São José do Rio Preto,3549805.0,2020-10-17,202042,464983.0,460671.0,False,False,24666,5304.71006,2020-10-17,0.0271,669,214,city,SP,363,10
São José do Rio Preto,3549805.0,2020-10-18,202043,464983.0,460671.0,False,False,24671,5305.7853700000005,2020-10-18,0.0272,671,215,city,SP,5,2
São José do Rio Preto,3549805.0,2020-10-19,202043,464983.0,460671.0,False,False,24676,5306.86068,2020-10-19,0.0273,674,216,city,SP,5,3
São José do Rio Preto,3549805.0,2020-10-20,202043,464983.0,460671.0,False,False,24723,5316.96858,2020-10-20,0.0274,677,217,city,SP,47,3
São José do Rio Preto,3549805.0,2020-10-21,202043,464983.0,460671.0,False,False,24908,5356.75498,2020-10-21,0.0272,678,218,city,SP,185,1
São José do Rio Preto,3549805.0,2020-10-22,202043,464983.0,460671.0,False,False,25013,5379.33645,2020-10-22,0.0272,680,219,city,SP,105,2
São José do Rio Preto,3549805.0,2020-10-23,202043,464983.0,460671.0,False,False,25131,5404.713720000001,2020-10-23,0.0272,683,220,city,SP,118,3
São José do Rio Preto,3549805.0,2020-10-24,202043,464983.0,460671.0,False,False,25325,5446.43568,2020-10-24,0.0272,689,221,city,SP,194,6
São José do Rio Preto,3549805.0,2020-10-25,202044,464983.0,460671.0,False,False,25417,5466.22135,2020-10-25,0.0273,694,222,city,SP,92,5
São José do Rio Preto,3549805.0,2020-10-26,202044,464983.0,460671.0,False,False,25488,5481.490720000001,2020-10-26,0.0273,696,223,city,SP,71,2
São José do Rio Preto,3549805.0,2020-10-27,202044,464983.0,460671.0,False,False,25580,5501.27639,2020-10-27,0.0273,698,224,city,SP,92,2
São José do Rio Preto,3549805.0,2020-10-28,202044,464983.0,460671.0,False,False,25657,5517.836139999999,2020-10-28,0.0273,700,225,city,SP,77,2
São José do Rio Preto,3549805.0,2020-10-29,202044,464983.0,460671.0,False,False,25760,5539.98748,2020-10-29,0.0273,703,226,city,SP,103,3
São José do Rio Preto,3549805.0,2020-10-30,202044,464983.0,460671.0,False,False,25900,5570.09611,2020-10-30,0.0273,708,227,city,SP,140,5
São José do Rio Preto,3549805.0,2020-10-31,202044,464983.0,460671.0,False,False,25999,5591.38721,2020-10-31,0.0273,709,228,city,SP,99,1
São José do Rio Preto,3549805.0,2020-11-01,202045,464983.0,460671.0,False,True,25999,5591.38721,2020-10-31,0.0273,709,229,city,SP,0,0
São José do Rio Preto,3549805.0,2020-11-02,202045,464983.0,460671.0,False,False,26150,5623.86152,2020-11-02,0.0273,713,230,city,SP,151,4
São José do Rio Preto,3549805.0,2020-11-03,202045,464983.0,460671.0,False,False,26161,5626.2272,2020-11-03,0.0274,717,231,city,SP,11,4
São José do Rio Preto,3549805.0,2020-11-04,202045,464983.0,460671.0,False,False,26238,5642.78694,2020-11-04,0.0275,721,232,city,SP,77,4
São José do Rio Preto,3549805.0,2020-11-05,202045,464983.0,460671.0,False,False,26265,5648.5936,2020-11-05,0.0276,725,233,city,SP,27,4
São José do Rio Preto,3549805.0,2020-11-06,202045,464983.0,460671.0,False,True,26265,5648.5936,2020-11-05,0.0276,725,234,city,SP,0,0
São José do Rio Preto,3549805.0,2020-11-07,202045,464983.0,460671.0,False,True,26265,5648.5936,2020-11-05,0.0276,725,235,city,SP,0,0
São José do Rio Preto,3549805.0,2020-11-08,202046,464983.0,460671.0,False,True,26265,5648.5936,2020-11-05,0.0276,725,236,city,SP,0,0
São José do Rio Preto,3549805.0,2020-11-09,202046,464983.0,460671.0,False,True,26265,5648.5936,2020-11-05,0.0276,725,237,city,SP,0,0
São José do Rio Preto,3549805.0,2020-11-10,202046,464983.0,460671.0,False,False,26731,5748.81232,2020-11-10,0.0271,725,238,city,SP,466,0
São José do Rio Preto,3549805.0,2020-11-11,202046,464983.0,460671.0,False,False,26805,5764.726879999999,2020-11-11,0.0275,736,239,city,SP,74,11
São José do Rio Preto,3549805.0,2020-11-12,202046,464983.0,460671.0,False,False,26881,5781.07157,2020-11-12,0.0278,747,240,city,SP,76,11
São José do Rio Preto,3549805.0,2020-11-13,202046,464983.0,460671.0,False,False,27018,5810.5350100000005,2020-11-13,0.0276,747,241,city,SP,137,0
São José do Rio Preto,3549805.0,2020-11-14,202046,464983.0,460671.0,False,False,27092,5826.449570000001,2020-11-14,0.0279,757,242,city,SP,74,10
São José do Rio Preto,3549805.0,2020-11-15,202047,464983.0,460671.0,False,False,27163,5841.71894,2020-11-15,0.0279,758,243,city,SP,71,1
São José do Rio Preto,3549805.0,2020-11-16,202047,464983.0,460671.0,False,False,27198,5849.2461,2020-11-16,0.0279,759,244,city,SP,35,1
São José do Rio Preto,3549805.0,2020-11-17,202047,464983.0,460671.0,False,False,27571,5929.4640899999995,2020-11-17,0.0278,766,245,city,SP,373,7
São José do Rio Preto,3549805.0,2020-11-18,202047,464983.0,460671.0,False,False,27763,5970.7559200000005,2020-11-18,0.0277,768,246,city,SP,192,2
São José do Rio Preto,3549805.0,2020-11-19,202047,464983.0,460671.0,False,False,28010,6023.87614,2020-11-19,0.0275,771,247,city,SP,247,3
São José do Rio Preto,3549805.0,2020-11-20,202047,464983.0,460671.0,False,True,28010,6023.87614,2020-11-19,0.0275,771,248,city,SP,0,0
São José do Rio Preto,3549805.0,2020-11-21,202047,464983.0,460671.0,False,False,28744,6181.731379999999,2020-11-21,0.0271,778,249,city,SP,734,7
São José do Rio Preto,3549805.0,2020-11-22,202048,464983.0,460671.0,False,False,29002,6237.21727,2020-11-22,0.0269,779,250,city,SP,258,1
São José do Rio Preto,3549805.0,2020-11-23,202048,464983.0,460671.0,False,False,29087,6255.49751,2020-11-23,0.0268,780,251,city,SP,85,1
São José do Rio Preto,3549805.0,2020-11-24,202048,464983.0,460671.0,False,False,29190,6277.64886,2020-11-24,0.0268,781,252,city,SP,103,1
São José do Rio Preto,3549805.0,2020-11-25,202048,464983.0,460671.0,False,False,29468,6337.43599,2020-11-25,0.0266,783,253,city,SP,278,2
São José do Rio Preto,3549805.0,2020-11-26,202048,464983.0,460671.0,False,False,29720,6391.63152,2020-11-26,0.0264,784,254,city,SP,252,1
São José do Rio Preto,3549805.0,2020-11-27,202048,464983.0,460671.0,False,False,30110,6475.5055600000005,2020-11-27,0.0261,787,255,city,SP,390,3
São José do Rio Preto,3549805.0,2020-11-28,202048,464983.0,460671.0,False,False,30203,6495.50629,2020-11-28,0.0261,789,256,city,SP,93,2
São José do Rio Preto,3549805.0,2020-11-29,202049,464983.0,460671.0,False,False,30288,6513.786529999999,2020-11-29,0.0261,791,257,city,SP,85,2
São José do Rio Preto,3549805.0,2020-11-30,202049,464983.0,460671.0,False,False,30390,6535.72281,2020-11-30,0.0261,793,258,city,SP,102,2
São José do Rio Preto,3549805.0,2020-12-01,202049,464983.0,460671.0,False,False,30703,6603.0371,2020-12-01,0.026,797,259,city,SP,313,4
São José do Rio Preto,3549805.0,2020-12-02,202049,464983.0,460671.0,False,False,31065,6680.88941,2020-12-02,0.0258,801,260,city,SP,362,4
São José do Rio Preto,3549805.0,2020-12-03,202049,464983.0,460671.0,False,False,31238,6718.09507,2020-12-03,0.0259,808,261,city,SP,173,7
São José do Rio Preto,3549805.0,2020-12-04,202049,464983.0,460671.0,False,False,31419,6757.0212200000005,2020-12-04,0.0259,813,262,city,SP,181,5
São José do Rio Preto,3549805.0,2020-12-05,202049,464983.0,460671.0,False,False,31826,6844.55131,2020-12-05,0.0258,821,263,city,SP,407,8
São José do Rio Preto,3549805.0,2020-12-06,202050,464983.0,460671.0,False,False,31990,6879.82141,2020-12-06,0.0258,824,264,city,SP,164,3
São José do Rio Preto,3549805.0,2020-12-07,202050,464983.0,460671.0,False,False,32070,6897.02634,2020-12-07,0.0258,827,265,city,SP,80,3
São José do Rio Preto,3549805.0,2020-12-08,202050,464983.0,460671.0,False,False,32160,6916.381890000001,2020-12-08,0.0258,831,266,city,SP,90,4
São José do Rio Preto,3549805.0,2020-12-09,202050,464983.0,460671.0,False,False,32416,6971.43767,2020-12-09,0.0257,834,267,city,SP,256,3
São José do Rio Preto,3549805.0,2020-12-10,202050,464983.0,460671.0,False,False,32475,6984.1263,2020-12-10,0.0258,837,268,city,SP,59,3
São José do Rio Preto,3549805.0,2020-12-11,202050,464983.0,460671.0,False,False,32671,7026.27838,2020-12-11,0.0256,838,269,city,SP,196,1
São José do Rio Preto,3549805.0,2020-12-12,202050,464983.0,460671.0,False,False,32881,7071.44132,2020-12-12,0.0256,842,270,city,SP,210,4
São José do Rio Preto,3549805.0,2020-12-13,202051,464983.0,460671.0,False,False,32982,7093.16255,2020-12-13,0.0255,842,271,city,SP,101,0
São José do Rio Preto,3549805.0,2020-12-14,202051,464983.0,460671.0,False,False,33091,7116.604259999999,2020-12-14,0.0256,846,272,city,SP,109,4
São José do Rio Preto,3549805.0,2020-12-15,202051,464983.0,460671.0,False,False,33137,7126.4971,2020-12-15,0.0257,852,273,city,SP,46,6
São José do Rio Preto,3549805.0,2020-12-16,202051,464983.0,460671.0,False,True,33137,7126.4971,2020-12-15,0.0257,852,274,city,SP,0,0
São José do Rio Preto,3549805.0,2020-12-17,202051,464983.0,460671.0,False,False,33622,7230.801990000001,2020-12-17,0.0255,858,275,city,SP,485,6
São José do Rio Preto,3549805.0,2020-12-18,202051,464983.0,460671.0,False,False,33846,7278.97579,2020-12-18,0.0256,866,276,city,SP,224,8
São José do Rio Preto,3549805.0,2020-12-19,202051,464983.0,460671.0,False,False,34138,7341.77379,2020-12-19,0.0255,870,277,city,SP,292,4
São José do Rio Preto,3549805.0,2020-12-20,202052,464983.0,460671.0,False,False,34138,7341.77379,2020-12-20,0.0255,870,278,city,SP,0,0
São José do Rio Preto,3549805.0,2020-12-21,202052,464983.0,460671.0,False,False,34312,7379.194509999999,2020-12-21,0.0256,879,279,city,SP,174,9
São José do Rio Preto,3549805.0,2020-12-22,202052,464983.0,460671.0,False,False,34511,7421.9917700000005,2020-12-22,0.0256,883,280,city,SP,199,4
São José do Rio Preto,3549805.0,2020-12-23,202052,464983.0,460671.0,False,False,34779,7479.628290000001,2020-12-23,0.0255,887,281,city,SP,268,4
São José do Rio Preto,3549805.0,2020-12-24,202052,464983.0,460671.0,False,False,34982,7523.2858,2020-12-24,0.0255,891,282,city,SP,203,4
São José do Rio Preto,3549805.0,2020-12-25,202052,464983.0,460671.0,False,False,35137,7556.62035,2020-12-25,0.0254,892,283,city,SP,155,1
São José do Rio Preto,3549805.0,2020-12-26,202052,464983.0,460671.0,False,False,35153,7560.06134,2020-12-26,0.0254,893,284,city,SP,16,1
São José do Rio Preto,3549805.0,2020-12-27,202053,464983.0,460671.0,False,False,35335,7599.20255,2020-12-27,0.0256,904,285,city,SP,182,11
São José do Rio Preto,3549805.0,2020-12-28,202053,464983.0,460671.0,False,False,35366,7605.869459999999,2020-12-28,0.0256,906,286,city,SP,31,2
São José do Rio Preto,3549805.0,2020-12-29,202053,464983.0,460671.0,False,False,35698,7677.269920000001,2020-12-29,0.0254,907,287,city,SP,332,1
São José do Rio Preto,3549805.0,2020-12-30,202053,464983.0,460671.0,False,True,35698,7677.269920000001,2020-12-29,0.0254,907,288,city,SP,0,0
São José do Rio Preto,3549805.0,2020-12-31,202053,464983.0,460671.0,False,False,36185,7782.00493,2020-12-31,0.0253,917,289,city,SP,487,10
São José do Rio Preto,3549805.0,2021-01-01,202053,464983.0,460671.0,False,True,36185,7782.00493,2020-12-31,0.0253,917,290,city,SP,0,0
São José do Rio Preto,3549805.0,2021-01-02,202053,464983.0,460671.0,False,False,36368,7821.361209999999,2021-01-02,0.0254,922,291,city,SP,183,5
São José do Rio Preto,3549805.0,2021-01-03,202101,464983.0,460671.0,False,False,36573,7865.448840000001,2021-01-03,0.0254,928,292,city,SP,205,6
São José do Rio Preto,3549805.0,2021-01-04,202101,464983.0,460671.0,False,False,36669,7886.094759999999,2021-01-04,0.0254,931,293,city,SP,96,3
São José do Rio Preto,3549805.0,2021-01-05,202101,464983.0,460671.0,False,False,37198,7999.862359999999,2021-01-05,0.0251,935,294,city,SP,529,4
São José do Rio Preto,3549805.0,2021-01-06,202101,464983.0,460671.0,False,False,37475,8059.434429999999,2021-01-06,0.0251,939,295,city,SP,277,4
São José do Rio Preto,3549805.0,2021-01-07,202101,464983.0,460671.0,False,False,37787,8126.533659999999,2021-01-07,0.0249,941,296,city,SP,312,2
São José do Rio Preto,3549805.0,2021-01-08,202101,464983.0,460671.0,False,False,38028,8178.363509999999,2021-01-08,0.0249,946,297,city,SP,241,5
São José do Rio Preto,3549805.0,2021-01-09,202101,464983.0,460671.0,False,False,38212,8217.93485,2021-01-09,0.0248,949,298,city,SP,184,3
São José do Rio Preto,3549805.0,2021-01-10,202102,464983.0,460671.0,False,False,38383,8254.71039,2021-01-10,0.0249,955,299,city,SP,171,6
São José do Rio Preto,3549805.0,2021-01-11,202102,464983.0,460671.0,False,False,38417,8262.02248,2021-01-11,0.0249,956,300,city,SP,34,1
São José do Rio Preto,3549805.0,2021-01-12,202102,464983.0,460671.0,False,False,38676,8317.72344,2021-01-12,0.0248,961,301,city,SP,259,5
São José do Rio Preto,3549805.0,2021-01-13,202102,464983.0,460671.0,False,False,39030,8393.85526,2021-01-13,0.0248,967,302,city,SP,354,6
São José do Rio Preto,3549805.0,2021-01-14,202102,464983.0,460671.0,False,False,39422,8478.15942,2021-01-14,0.0246,968,303,city,SP,392,1
São José do Rio Preto,3549805.0,2021-01-15,202102,464983.0,460671.0,False,False,39829,8565.6895,2021-01-15,0.0244,973,304,city,SP,407,5
São José do Rio Preto,3549805.0,2021-01-16,202102,464983.0,460671.0,False,False,40002,8602.89516,2021-01-16,0.0244,978,305,city,SP,173,5
São José do Rio Preto,3549805.0,2021-01-17,202103,464983.0,460671.0,False,False,40257,8657.73587,2021-01-17,0.0243,979,306,city,SP,255,1
São José do Rio Preto,3549805.0,2021-01-18,202103,464983.0,460671.0,False,False,40332,8673.8655,2021-01-18,0.0244,983,307,city,SP,75,4
São José do Rio Preto,3549805.0,2021-01-19,202103,464983.0,460671.0,False,False,40555,8721.82424,2021-01-19,0.0244,988,308,city,SP,223,5
São José do Rio Preto,3549805.0,2021-01-20,202103,464983.0,460671.0,False,False,40744,8762.47089,2021-01-20,0.0243,991,309,city,SP,189,3
São José do Rio Preto,3549805.0,2021-01-21,202103,464983.0,460671.0,False,False,40935,8803.54766,2021-01-21,0.0244,1000,310,city,SP,191,9
São José do Rio Preto,3549805.0,2021-01-22,202103,464983.0,460671.0,False,False,41178,8855.80763,2021-01-22,0.0245,1010,311,city,SP,243,10
São José do Rio Preto,3549805.0,2021-01-23,202103,464983.0,460671.0,False,False,41466,8917.74538,2021-01-23,0.0244,1013,312,city,SP,288,3
São José do Rio Preto,3549805.0,2021-01-24,202104,464983.0,460671.0,False,False,41672,8962.04807,2021-01-24,0.0244,1015,313,city,SP,206,2
São José do Rio Preto,3549805.0,2021-01-25,202104,464983.0,460671.0,False,False,41737,8976.02708,2021-01-25,0.0244,1020,314,city,SP,65,5
São José do Rio Preto,3549805.0,2021-01-26,202104,464983.0,460671.0,False,False,41940,9019.68459,2021-01-26,0.0244,1025,315,city,SP,203,5
São José do Rio Preto,3549805.0,2021-01-27,202104,464983.0,460671.0,False,False,42195,9074.525309999999,2021-01-27,0.0245,1032,316,city,SP,255,7
São José do Rio Preto,3549805.0,2021-01-28,202104,464983.0,460671.0,False,False,42397,9117.96775,2021-01-28,0.0245,1039,317,city,SP,202,7
São José do Rio Preto,3549805.0,2021-01-29,202104,464983.0,460671.0,False,False,42708,9184.851920000001,2021-01-29,0.0245,1045,318,city,SP,311,6
São José do Rio Preto,3549805.0,2021-01-30,202104,464983.0,460671.0,False,False,43004,9248.51016,2021-01-30,0.0244,1048,319,city,SP,296,3
São José do Rio Preto,3549805.0,2021-01-31,202105,464983.0,460671.0,False,False,43126,9274.74768,2021-01-31,0.0243,1050,320,city,SP,122,2
São José do Rio Preto,3549805.0,2021-02-01,202105,464983.0,460671.0,False,False,43229,9296.89903,2021-02-01,0.0244,1054,321,city,SP,103,4
São José do Rio Preto,3549805.0,2021-02-02,202105,464983.0,460671.0,False,False,43497,9354.53554,2021-02-02,0.0244,1063,322,city,SP,268,9
São José do Rio Preto,3549805.0,2021-02-03,202105,464983.0,460671.0,False,False,43725,9403.569590000001,2021-02-03,0.0244,1068,323,city,SP,228,5
São José do Rio Preto,3549805.0,2021-02-04,202105,464983.0,460671.0,False,False,43935,9448.73253,2021-02-04,0.0244,1070,324,city,SP,210,2
São José do Rio Preto,3549805.0,2021-02-05,202105,464983.0,460671.0,False,False,44131,9490.88461,2021-02-05,0.0243,1073,325,city,SP,196,3
São José do Rio Preto,3549805.0,2021-02-06,202105,464983.0,460671.0,False,False,44331,9533.89694,2021-02-06,0.0243,1078,326,city,SP,200,5
São José do Rio Preto,3549805.0,2021-02-07,202106,464983.0,460671.0,False,False,44410,9550.88681,2021-02-07,0.0243,1080,327,city,SP,79,2
São José do Rio Preto,3549805.0,2021-02-08,202106,464983.0,460671.0,False,False,44443,9557.98384,2021-02-08,0.0243,1081,328,city,SP,33,1
São José do Rio Preto,3549805.0,2021-02-09,202106,464983.0,460671.0,False,False,44650,9602.5016,2021-02-09,0.0243,1084,329,city,SP,207,3
São José do Rio Preto,3549805.0,2021-02-10,202106,464983.0,460671.0,False,False,44742,9622.28727,2021-02-10,0.0243,1087,330,city,SP,92,3
São José do Rio Preto,3549805.0,2021-02-11,202106,464983.0,460671.0,False,False,45121,9703.79562,2021-02-11,0.0242,1091,331,city,SP,379,4
São José do Rio Preto,3549805.0,2021-02-12,202106,464983.0,460671.0,False,False,45260,9733.689190000001,2021-02-12,0.0241,1092,332,city,SP,139,1
São José do Rio Preto,3549805.0,2021-02-13,202106,464983.0,460671.0,False,False,45396,9762.93757,2021-02-13,0.0241,1096,333,city,SP,136,4
São José do Rio Preto,3549805.0,2021-02-14,202107,464983.0,460671.0,False,False,45449,9774.33584,2021-02-14,0.0242,1098,334,city,SP,53,2
São José do Rio Preto,3549805.0,2021-02-15,202107,464983.0,460671.0,False,False,45490,9783.15336,2021-02-15,0.0242,1102,335,city,SP,41,4
São José do Rio Preto,3549805.0,2021-02-16,202107,464983.0,460671.0,False,False,45686,9825.30544,2021-02-16,0.0243,1109,336,city,SP,196,7
São José do Rio Preto,3549805.0,2021-02-17,202107,464983.0,460671.0,False,False,45796,9848.96222,2021-02-17,0.0242,1108,337,city,SP,110,-1
São José do Rio Preto,3549805.0,2021-02-18,202107,464983.0,460671.0,False,False,45997,9892.18961,2021-02-18,0.0242,1113,338,city,SP,201,5
São José do Rio Preto,3549805.0,2021-02-19,202107,464983.0,460671.0,False,False,46164,9928.1049,2021-02-19,0.0241,1113,339,city,SP,167,0
São José do Rio Preto,3549805.0,2021-02-20,202107,464983.0,460671.0,False,False,46358,9969.82685,2021-02-20,0.0241,1116,340,city,SP,194,3
São José do Rio Preto,3549805.0,2021-02-21,202108,464983.0,460671.0,False,False,46502,10000.79573,2021-02-21,0.024,1118,341,city,SP,144,2
São José do Rio Preto,3549805.0,2021-02-22,202108,464983.0,460671.0,False,False,46567,10014.77473,2021-02-22,0.024,1119,342,city,SP,65,1
São José do Rio Preto,3549805.0,2021-02-23,202108,464983.0,460671.0,False,False,46794,10063.59372,2021-02-23,0.024,1121,343,city,SP,227,2
São José do Rio Preto,3549805.0,2021-02-24,202108,464983.0,460671.0,False,False,46974,10102.304820000001,2021-02-24,0.0239,1123,344,city,SP,180,2
São José do Rio Preto,3549805.0,2021-02-25,202108,464983.0,460671.0,False,False,47239,10159.29615,2021-02-25,0.0239,1127,345,city,SP,265,4
São José do Rio Preto,3549805.0,2021-02-26,202108,464983.0,460671.0,False,False,47483,10211.77118,2021-02-26,0.0238,1130,346,city,SP,244,3
São José do Rio Preto,3549805.0,2021-02-27,202108,464983.0,460671.0,False,False,47742,10267.47214,2021-02-27,0.0237,1132,347,city,SP,259,2
São José do Rio Preto,3549805.0,2021-02-28,202109,464983.0,460671.0,False,False,47887,10298.656079999999,2021-02-28,0.0237,1134,348,city,SP,145,2
São José do Rio Preto,3549805.0,2021-03-01,202109,464983.0,460671.0,False,False,48029,10329.19483,2021-03-01,0.0236,1134,349,city,SP,142,0
São José do Rio Preto,3549805.0,2021-03-02,202109,464983.0,460671.0,False,False,48165,10358.44321,2021-03-02,0.0236,1139,350,city,SP,136,5
São José do Rio Preto,3549805.0,2021-03-03,202109,464983.0,460671.0,False,False,48482,10426.61775,2021-03-03,0.0237,1147,351,city,SP,317,8
São José do Rio Preto,3549805.0,2021-03-04,202109,464983.0,460671.0,False,False,48824,10500.16882,2021-03-04,0.0236,1151,352,city,SP,342,4
São José do Rio Preto,3549805.0,2021-03-05,202109,464983.0,460671.0,False,False,49056,10550.06312,2021-03-05,0.0235,1155,353,city,SP,232,4
São José do Rio Preto,3549805.0,2021-03-06,202109,464983.0,460671.0,False,False,49630,10673.50849,2021-03-06,0.0235,1164,354,city,SP,574,9
São José do Rio Preto,3549805.0,2021-03-07,202110,464983.0,460671.0,False,False,49951,10742.54328,2021-03-07,0.0233,1166,355,city,SP,321,2
São José do Rio Preto,3549805.0,2021-03-08,202110,464983.0,460671.0,False,False,50172,10790.0719,2021-03-08,0.0234,1175,356,city,SP,221,9
São José do Rio Preto,3549805.0,2021-03-09,202110,464983.0,460671.0,False,False,50502,10861.04223,2021-03-09,0.0234,1181,357,city,SP,330,6
São José do Rio Preto,3549805.0,2021-03-10,202110,464983.0,460671.0,False,False,50977,10963.1965,2021-03-10,0.0233,1189,358,city,SP,475,8
São José do Rio Preto,3549805.0,2021-03-11,202110,464983.0,460671.0,False,False,51298,11032.23129,2021-03-11,0.0234,1200,359,city,SP,321,11
São José do Rio Preto,3549805.0,2021-03-12,202110,464983.0,460671.0,False,False,51599,11096.96484,2021-03-12,0.0234,1206,360,city,SP,301,6
São José do Rio Preto,3549805.0,2021-03-13,202110,464983.0,460671.0,False,False,52202,11226.647,2021-03-13,0.0233,1214,361,city,SP,603,8
São José do Rio Preto,3549805.0,2021-03-14,202111,464983.0,460671.0,False,False,52486,11287.7245,2021-03-14,0.0232,1219,362,city,SP,284,5
São José do Rio Preto,3549805.0,2021-03-15,202111,464983.0,460671.0,False,False,52595,11311.16621,2021-03-15,0.0233,1227,363,city,SP,109,8
São José do Rio Preto,3549805.0,2021-03-16,202111,464983.0,460671.0,False,False,52765,11347.726690000001,2021-03-16,0.0234,1237,364,city,SP,170,10
São José do Rio Preto,3549805.0,2021-03-17,202111,464983.0,460671.0,False,False,53202,11441.70862,2021-03-17,0.0235,1250,365,city,SP,437,13
São José do Rio Preto,3549805.0,2021-03-18,202111,464983.0,460671.0,False,False,53853,11581.713740000001,2021-03-18,0.0235,1268,366,city,SP,651,18
São José do Rio Preto,3549805.0,2021-03-19,202111,464983.0,460671.0,False,False,54295,11676.77098,2021-03-19,0.0237,1285,367,city,SP,442,17
São José do Rio Preto,3549805.0,2021-03-20,202111,464983.0,460671.0,False,False,54596,11741.50453,2021-03-20,0.0237,1296,368,city,SP,301,11
São José do Rio Preto,3549805.0,2021-03-21,202112,464983.0,460671.0,False,False,54699,11763.65588,2021-03-21,0.0239,1306,369,city,SP,103,10
São José do Rio Preto,3549805.0,2021-03-22,202112,464983.0,460671.0,False,False,54807,11786.882529999999,2021-03-22,0.0238,1307,370,city,SP,108,1
São José do Rio Preto,3549805.0,2021-03-23,202112,464983.0,460671.0,False,False,55249,11881.93977,2021-03-23,0.0242,1338,371,city,SP,442,31
São José do Rio Preto,3549805.0,2021-03-24,202112,464983.0,460671.0,False,False,55765,11992.91157,2021-03-24,0.0241,1345,372,city,SP,516,7
São José do Rio Preto,3549805.0,2021-03-25,202112,464983.0,460671.0,False,False,56320,12112.270770000001,2021-03-25,0.0244,1373,373,city,SP,555,28
São José do Rio Preto,3549805.0,2021-03-26,202112,464983.0,460671.0,False,False,56886,12233.99565,2021-03-26,0.0245,1392,374,city,SP,566,19
São José do Rio Preto,3549805.0,2021-03-27,202112,464983.0,460671.0,False,False,57292,12321.31067,2021-03-27,0.0246,1410,375,city,SP,406,18
São José do Rio Preto,3549805.0,2021-03-28,202113,464983.0,460671.0,False,False,57624,12392.71113,2021-03-28,0.0246,1418,376,city,SP,332,8
São José do Rio Preto,3549805.0,2021-03-29,202113,464983.0,460671.0,False,False,57755,12420.8842,2021-03-29,0.025,1443,377,city,SP,131,25
São José do Rio Preto,3549805.0,2021-03-30,202113,464983.0,460671.0,False,False,58119,12499.166640000001,2021-03-30,0.0252,1465,378,city,SP,364,22
São José do Rio Preto,3549805.0,2021-03-31,202113,464983.0,460671.0,False,False,58518,12584.97622,2021-03-31,0.0254,1487,379,city,SP,399,22
São José do Rio Preto,3549805.0,2021-04-01,202113,464983.0,460671.0,False,False,58965,12681.10877,2021-04-01,0.0255,1504,380,city,SP,447,17
São José do Rio Preto,3549805.0,2021-04-02,202113,464983.0,460671.0,False,False,59371,12768.42379,2021-04-02,0.0257,1526,381,city,SP,406,22
São José do Rio Preto,3549805.0,2021-04-03,202113,464983.0,460671.0,False,False,59599,12817.457840000001,2021-04-03,0.0259,1544,382,city,SP,228,18
São José do Rio Preto,3549805.0,2021-04-04,202114,464983.0,460671.0,False,False,59657,12829.93142,2021-04-04,0.0262,1561,383,city,SP,58,17
São José do Rio Preto,3549805.0,2021-04-05,202114,464983.0,460671.0,False,False,59709,12841.11462,2021-04-05,0.0264,1574,384,city,SP,52,13
São José do Rio Preto,3549805.0,2021-04-06,202114,464983.0,460671.0,False,False,59968,12896.81558,2021-04-06,0.0265,1592,385,city,SP,259,18
São José do Rio Preto,3549805.0,2021-04-07,202114,464983.0,460671.0,False,False,60175,12941.333340000001,2021-04-07,0.0268,1612,386,city,SP,207,20
São José do Rio Preto,3549805.0,2021-04-08,202114,464983.0,460671.0,False,False,60667,13047.14366,2021-04-08,0.027,1637,387,city,SP,492,25
São José do Rio Preto,3549805.0,2021-04-09,202114,464983.0,460671.0,False,False,61046,13128.65202,2021-04-09,0.0271,1657,388,city,SP,379,20
São José do Rio Preto,3549805.0,2021-04-10,202114,464983.0,460671.0,False,False,61345,13192.95544,2021-04-10,0.0272,1670,389,city,SP,299,13
São José do Rio Preto,3549805.0,2021-04-11,202115,464983.0,460671.0,False,False,61524,13231.45147,2021-04-11,0.0274,1686,390,city,SP,179,16
São José do Rio Preto,3549805.0,2021-04-12,202115,464983.0,460671.0,False,False,61561,13239.40875,2021-04-12,0.0276,1702,391,city,SP,37,16
São José do Rio Preto,3549805.0,2021-04-13,202115,464983.0,460671.0,False,False,61792,13289.08799,2021-04-13,0.0278,1718,392,city,SP,231,16
São José do Rio Preto,3549805.0,2021-04-14,202115,464983.0,460671.0,False,False,62003,13334.46599,2021-04-14,0.028,1733,393,city,SP,211,15
São José do Rio Preto,3549805.0,2021-04-15,202115,464983.0,460671.0,False,False,62377,13414.89904,2021-04-15,0.0282,1757,394,city,SP,374,24
São José do Rio Preto,3549805.0,2021-04-16,202115,464983.0,460671.0,False,False,62585,13459.63186,2021-04-16,0.0283,1770,395,city,SP,208,13
São José do Rio Preto,3549805.0,2021-04-17,202115,464983.0,460671.0,False,False,62842,13514.9027,2021-04-17,0.0283,1776,396,city,SP,257,6
São José do Rio Preto,3549805.0,2021-04-18,202116,464983.0,460671.0,False,False,62993,13547.377,2021-04-18,0.0283,1783,397,city,SP,151,7
São José do Rio Preto,3549805.0,2021-04-19,202116,464983.0,460671.0,False,False,63043,13558.13008,2021-04-19,0.0285,1794,398,city,SP,50,11
São José do Rio Preto,3549805.0,2021-04-20,202116,464983.0,460671.0,False,False,63219,13595.980930000002,2021-04-20,0.0286,1807,399,city,SP,176,13
São José do Rio Preto,3549805.0,2021-04-21,202116,464983.0,460671.0,False,False,63506,13657.703609999999,2021-04-21,0.0287,1823,400,city,SP,287,16
São José do Rio Preto,3549805.0,2021-04-22,202116,464983.0,460671.0,False,False,63633,13685.016440000001,2021-04-22,0.0287,1829,401,city,SP,127,6
São José do Rio Preto,3549805.0,2021-04-23,202116,464983.0,460671.0,False,False,63829,13727.16852,2021-04-23,0.0288,1840,402,city,SP,196,11
São José do Rio Preto,3549805.0,2021-04-24,202116,464983.0,460671.0,False,True,63829,13727.16852,2021-04-23,0.0288,1840,403,city,SP,0,0
São José do Rio Preto,3549805.0,2021-04-25,202117,464983.0,460671.0,False,False,64347,13838.570440000001,2021-04-25,0.0288,1855,404,city,SP,518,15
São José do Rio Preto,3549805.0,2021-04-26,202117,464983.0,460671.0,False,False,64390,13847.81809,2021-04-26,0.029,1866,405,city,SP,43,11
São José do Rio Preto,3549805.0,2021-04-27,202117,464983.0,460671.0,False,False,64552,13882.658080000001,2021-04-27,0.0291,1878,406,city,SP,162,12
São José do Rio Preto,3549805.0,2021-04-28,202117,464983.0,460671.0,False,False,64857,13948.251869999998,2021-04-28,0.0292,1893,407,city,SP,305,15
São José do Rio Preto,3549805.0,2021-04-29,202117,464983.0,460671.0,False,False,65178,14017.28665,2021-04-29,0.0292,1904,408,city,SP,321,11
São José do Rio Preto,3549805.0,2021-04-30,202117,464983.0,460671.0,False,False,65507,14088.041930000001,2021-04-30,0.0292,1914,409,city,SP,329,10
São José do Rio Preto,3549805.0,2021-05-01,202117,464983.0,460671.0,False,True,65507,14088.041930000001,2021-04-30,0.0292,1914,410,city,SP,0,0
São José do Rio Preto,3549805.0,2021-05-02,202118,464983.0,460671.0,False,False,65766,14143.742890000001,2021-05-02,0.0293,1927,411,city,SP,259,13
São José do Rio Preto,3549805.0,2021-05-03,202118,464983.0,460671.0,False,False,65783,14147.398940000001,2021-05-03,0.0294,1936,412,city,SP,17,9
São José do Rio Preto,3549805.0,2021-05-04,202118,464983.0,460671.0,False,False,65967,14186.970280000001,2021-05-04,0.0295,1944,413,city,SP,184,8
São José do Rio Preto,3549805.0,2021-05-05,202118,464983.0,460671.0,False,False,66224,14242.241109999999,2021-05-05,0.0295,1951,414,city,SP,257,7
São José do Rio Preto,3549805.0,2021-05-06,202118,464983.0,460671.0,False,False,66587,14320.308480000002,2021-05-06,0.0295,1964,415,city,SP,363,13
São José do Rio Preto,3549805.0,2021-05-07,202118,464983.0,460671.0,False,False,66930,14394.07462,2021-05-07,0.0295,1975,416,city,SP,343,11
São José do Rio Preto,3549805.0,2021-05-08,202118,464983.0,460671.0,False,False,67193,14450.635830000001,2021-05-08,0.0296,1992,417,city,SP,263,17
São José do Rio Preto,3549805.0,2021-05-09,202119,464983.0,460671.0,False,False,67360,14486.551119999998,2021-05-09,0.0296,1997,418,city,SP,167,5
São José do Rio Preto,3549805.0,2021-05-10,202119,464983.0,460671.0,False,False,67375,14489.77705,2021-05-10,0.0297,2001,419,city,SP,15,4
São José do Rio Preto,3549805.0,2021-05-11,202119,464983.0,460671.0,False,False,67612,14540.74665,2021-05-11,0.0297,2005,420,city,SP,237,4
São José do Rio Preto,3549805.0,2021-05-12,202119,464983.0,460671.0,False,False,67848,14591.50119,2021-05-12,0.0297,2015,421,city,SP,236,10
São José do Rio Preto,3549805.0,2021-05-13,202119,464983.0,460671.0,False,False,68117,14649.35277,2021-05-13,0.0297,2024,422,city,SP,269,9
São José do Rio Preto,3549805.0,2021-05-14,202119,464983.0,460671.0,False,False,68521,14736.237669999999,2021-05-14,0.0297,2034,423,city,SP,404,10
São José do Rio Preto,3549805.0,2021-05-15,202119,464983.0,460671.0,False,False,68827,14802.046530000001,2021-05-15,0.0296,2035,424,city,SP,306,1
São José do Rio Preto,3549805.0,2021-05-16,202120,464983.0,460671.0,False,True,68827,14802.046530000001,2021-05-15,0.0296,2035,425,city,SP,0,0
São José do Rio Preto,3549805.0,2021-05-17,202120,464983.0,460671.0,False,False,69091,14858.8228,2021-05-17,0.0297,2049,426,city,SP,264,14
São José do Rio Preto,3549805.0,2021-05-18,202120,464983.0,460671.0,False,False,69394,14923.986469999998,2021-05-18,0.0297,2060,427,city,SP,303,11
São José do Rio Preto,3549805.0,2021-05-19,202120,464983.0,460671.0,False,False,69743,14999.042980000002,2021-05-19,0.0297,2069,428,city,SP,349,9
São José do Rio Preto,3549805.0,2021-05-20,202120,464983.0,460671.0,False,False,70253,15108.7244,2021-05-20,0.0295,2074,429,city,SP,510,5
São José do Rio Preto,3549805.0,2021-05-21,202120,464983.0,460671.0,False,False,70600,15183.35079,2021-05-21,0.0295,2083,430,city,SP,347,9
São José do Rio Preto,3549805.0,2021-05-22,202120,464983.0,460671.0,False,False,70944,15257.33199,2021-05-22,0.0295,2091,431,city,SP,344,8
São José do Rio Preto,3549805.0,2021-05-23,202121,464983.0,460671.0,False,False,71166,15305.075669999998,2021-05-23,0.0294,2095,432,city,SP,222,4
São José do Rio Preto,3549805.0,2021-05-24,202121,464983.0,460671.0,False,False,71238,15320.560109999999,2021-05-24,0.0295,2101,433,city,SP,72,6
São José do Rio Preto,3549805.0,2021-05-25,202121,464983.0,460671.0,False,False,71490,15374.755640000001,2021-05-25,0.0295,2112,434,city,SP,252,11
São José do Rio Preto,3549805.0,2021-05-26,202121,464983.0,460671.0,False,False,71753,15431.316840000001,2021-05-26,0.0296,2122,435,city,SP,263,10
São José do Rio Preto,3549805.0,2021-05-27,202121,464983.0,460671.0,False,False,72206,15528.739759999999,2021-05-27,0.0295,2129,436,city,SP,453,7
São José do Rio Preto,3549805.0,2021-05-28,202121,464983.0,460671.0,False,False,72215,15530.675319999998,2021-05-28,0.0295,2132,437,city,SP,9,3
São José do Rio Preto,3549805.0,2021-05-29,202121,464983.0,460671.0,False,False,72428,15576.48344,2021-05-29,0.0297,2151,438,city,SP,213,19
São José do Rio Preto,3549805.0,2021-05-30,202122,464983.0,460671.0,False,False,72710,15637.130819999998,2021-05-30,0.0297,2157,439,city,SP,282,6
São José do Rio Preto,3549805.0,2021-05-31,202122,464983.0,460671.0,False,False,72808,15658.20686,2021-05-31,0.0297,2162,440,city,SP,98,5
São José do Rio Preto,3549805.0,2021-06-01,202122,464983.0,460671.0,False,True,72808,15658.20686,2021-05-31,0.0297,2162,441,city,SP,0,0
São José do Rio Preto,3549805.0,2021-06-02,202122,464983.0,460671.0,False,False,73832,15878.42996,2021-06-02,0.0296,2188,442,city,SP,1024,26
São José do Rio Preto,3549805.0,2021-06-03,202122,464983.0,460671.0,False,False,74420,16004.8862,2021-06-03,0.0295,2193,443,city,SP,588,5
São José do Rio Preto,3549805.0,2021-06-04,202122,464983.0,460671.0,False,False,74544,16031.55384,2021-06-04,0.0295,2197,444,city,SP,124,4
São José do Rio Preto,3549805.0,2021-06-05,202122,464983.0,460671.0,False,False,74994,16128.331569999998,2021-06-05,0.0295,2209,445,city,SP,450,12
São José do Rio Preto,3549805.0,2021-06-06,202123,464983.0,460671.0,False,False,75397,16215.001409999999,2021-06-06,0.0294,2220,446,city,SP,403,11
São José do Rio Preto,3549805.0,2021-06-07,202123,464983.0,460671.0,False,False,75565,16251.13176,2021-06-07,0.0295,2230,447,city,SP,168,10
São José do Rio Preto,3549805.0,2021-06-08,202123,464983.0,460671.0,False,False,75617,16262.31497,2021-06-08,0.0296,2237,448,city,SP,52,7
São José do Rio Preto,3549805.0,2021-06-09,202123,464983.0,460671.0,False,False,75685,16276.93916,2021-06-09,0.0298,2254,449,city,SP,68,17
São José do Rio Preto,3549805.0,2021-06-10,202123,464983.0,460671.0,False,False,76303,16409.84724,2021-06-10,0.0297,2265,450,city,SP,618,11
São José do Rio Preto,3549805.0,2021-06-11,202123,464983.0,460671.0,False,False,76843,16525.980519999997,2021-06-11,0.0296,2273,451,city,SP,540,8
São José do Rio Preto,3549805.0,2021-06-12,202123,464983.0,460671.0,False,False,77531,16673.942919999998,2021-06-12,0.0295,2291,452,city,SP,688,18
São José do Rio Preto,3549805.0,2021-06-13,202124,464983.0,460671.0,False,False,78074,16790.721380000003,2021-06-13,0.0295,2301,453,city,SP,543,10
São José do Rio Preto,3549805.0,2021-06-14,202124,464983.0,460671.0,False,True,78074,16790.721380000003,2021-06-13,0.0295,2301,454,city,SP,0,0
São José do Rio Preto,3549805.0,2021-06-15,202124,464983.0,460671.0,False,False,78741,16934.16749,2021-06-15,0.0295,2321,455,city,SP,667,20
São José do Rio Preto,3549805.0,2021-06-16,202124,464983.0,460671.0,False,False,79222,17037.61213,2021-06-16,0.0294,2330,456,city,SP,481,9
São José do Rio Preto,3549805.0,2021-06-17,202124,464983.0,460671.0,False,True,79222,17037.61213,2021-06-16,0.0294,2330,457,city,SP,0,0
São José do Rio Preto,3549805.0,2021-06-18,202124,464983.0,460671.0,False,False,80481,17308.37471,2021-06-18,0.0292,2353,458,city,SP,1259,23
São José do Rio Preto,3549805.0,2021-06-19,202124,464983.0,460671.0,False,False,80932,17405.36751,2021-06-19,0.0292,2365,459,city,SP,451,12
São José do Rio Preto,3549805.0,2021-06-20,202125,464983.0,460671.0,False,False,81228,17469.02575,2021-06-20,0.0293,2376,460,city,SP,296,11
São José do Rio Preto,3549805.0,2021-06-21,202125,464983.0,460671.0,False,False,81254,17474.61735,2021-06-21,0.0293,2380,461,city,SP,26,4
São José do Rio Preto,3549805.0,2021-06-22,202125,464983.0,460671.0,False,False,81582,17545.15756,2021-06-22,0.0293,2392,462,city,SP,328,12
São José do Rio Preto,3549805.0,2021-06-23,202125,464983.0,460671.0,False,False,81930,17619.99901,2021-06-23,0.0293,2404,463,city,SP,348,12
São José do Rio Preto,3549805.0,2021-06-24,202125,464983.0,460671.0,False,False,82409,17723.01353,2021-06-24,0.0293,2416,464,city,SP,479,12
São José do Rio Preto,3549805.0,2021-06-25,202125,464983.0,460671.0,False,False,82898,17828.178659999998,2021-06-25,0.0292,2422,465,city,SP,489,6
São José do Rio Preto,3549805.0,2021-06-26,202125,464983.0,460671.0,False,False,83296,17913.77319,2021-06-26,0.0292,2429,466,city,SP,398,7
São José do Rio Preto,3549805.0,2021-06-27,202126,464983.0,460671.0,False,False,83515,17960.87169,2021-06-27,0.0293,2443,467,city,SP,219,14
São José do Rio Preto,3549805.0,2021-06-28,202126,464983.0,460671.0,False,False,83582,17975.28082,2021-06-28,0.0293,2448,468,city,SP,67,5
São José do Rio Preto,3549805.0,2021-06-29,202126,464983.0,460671.0,False,True,83582,17975.28082,2021-06-28,0.0293,2448,469,city,SP,0,0
São José do Rio Preto,3549805.0,2021-06-30,202126,464983.0,460671.0,False,False,84094,18085.392369999998,2021-06-30,0.0293,2468,470,city,SP,512,20
São José do Rio Preto,3549805.0,2021-07-01,202126,464983.0,460671.0,False,False,84328,18135.716790000002,2021-07-01,0.0294,2476,471,city,SP,234,8
São José do Rio Preto,3549805.0,2021-07-02,202126,464983.0,460671.0,False,False,84992,18278.51771,2021-07-02,0.0292,2478,472,city,SP,664,2
São José do Rio Preto,3549805.0,2021-07-03,202126,464983.0,460671.0,False,False,85195,18322.175219999997,2021-07-03,0.0292,2491,473,city,SP,203,13
São José do Rio Preto,3549805.0,2021-07-04,202127,464983.0,460671.0,False,False,85387,18363.46705,2021-07-04,0.0293,2498,474,city,SP,192,7
São José do Rio Preto,3549805.0,2021-07-05,202127,464983.0,460671.0,False,False,85414,18369.273719999997,2021-07-05,0.0293,2504,475,city,SP,27,6
São José do Rio Preto,3549805.0,2021-07-06,202127,464983.0,460671.0,False,False,85661,18422.39394,2021-07-06,0.0293,2514,476,city,SP,247,10
São José do Rio Preto,3549805.0,2021-07-07,202127,464983.0,460671.0,False,False,85827,18458.09417,2021-07-07,0.0294,2527,477,city,SP,166,13
São José do Rio Preto,3549805.0,2021-07-08,202127,464983.0,460671.0,False,False,86115,18520.031919999998,2021-07-08,0.0295,2538,478,city,SP,288,11
São José do Rio Preto,3549805.0,2021-07-09,202127,464983.0,460671.0,False,False,86362,18573.152140000002,2021-07-09,0.0295,2546,479,city,SP,247,8
São José do Rio Preto,3549805.0,2021-07-10,202127,464983.0,460671.0,False,False,86495,18601.75533,2021-07-10,0.0295,2549,480,city,SP,133,3
São José do Rio Preto,3549805.0,2021-07-11,202128,464983.0,460671.0,False,False,86586,18621.32594,2021-07-11,0.0295,2556,481,city,SP,91,7
São José do Rio Preto,3549805.0,2021-07-12,202128,464983.0,460671.0,False,False,86648,18634.65976,2021-07-12,0.0296,2564,482,city,SP,62,8
São José do Rio Preto,3549805.0,2021-07-13,202128,464983.0,460671.0,False,False,86852,18678.532330000002,2021-07-13,0.0296,2568,483,city,SP,204,4
São José do Rio Preto,3549805.0,2021-07-14,202128,464983.0,460671.0,False,False,87106,18733.15799,2021-07-14,0.0296,2576,484,city,SP,254,8
São José do Rio Preto,3549805.0,2021-07-15,202128,464983.0,460671.0,False,False,87314,18777.8908,2021-07-15,0.0296,2581,485,city,SP,208,5
São José do Rio Preto,3549805.0,2021-07-16,202128,464983.0,460671.0,False,False,87712,18863.48533,2021-07-16,0.0295,2590,486,city,SP,398,9
São José do Rio Preto,3549805.0,2021-07-17,202128,464983.0,460671.0,False,False,88053,18936.82135,2021-07-17,0.0295,2596,487,city,SP,341,6
São José do Rio Preto,3549805.0,2021-07-18,202129,464983.0,460671.0,False,False,88073,18941.122580000003,2021-07-18,0.0295,2602,488,city,SP,20,6
São José do Rio Preto,3549805.0,2021-07-19,202129,464983.0,460671.0,False,False,88140,18955.53171,2021-07-19,0.0296,2609,489,city,SP,67,7
São José do Rio Preto,3549805.0,2021-07-20,202129,464983.0,460671.0,False,False,88164,18960.69319,2021-07-20,0.0297,2618,490,city,SP,24,9
São José do Rio Preto,3549805.0,2021-07-21,202129,464983.0,460671.0,False,False,88582,19050.58895,2021-07-21,0.0296,2620,491,city,SP,418,2
São José do Rio Preto,3549805.0,2021-07-22,202129,464983.0,460671.0,False,False,88926,19124.57015,2021-07-22,0.0295,2627,492,city,SP,344,7
São José do Rio Preto,3549805.0,2021-07-23,202129,464983.0,460671.0,False,False,89087,19159.195069999998,2021-07-23,0.0295,2632,493,city,SP,161,5
São José do Rio Preto,3549805.0,2021-07-24,202129,464983.0,460671.0,False,True,89087,19159.195069999998,2021-07-23,0.0295,2632,494,city,SP,0,0
São José do Rio Preto,3549805.0,2021-07-25,202130,464983.0,460671.0,False,False,89332,19211.885169999998,2021-07-25,0.0295,2639,495,city,SP,245,7
São José do Rio Preto,3549805.0,2021-07-26,202130,464983.0,460671.0,False,True,89332,19211.885169999998,2021-07-25,0.0295,2639,496,city,SP,0,0
São José do Rio Preto,3549805.0,2021-07-27,202130,464983.0,460671.0,False,False,89540,19256.617980000003,2021-07-27,0.0296,2646,497,city,SP,208,7
São José do Rio Preto,3549805.0,2021-07-28,202130,464983.0,460671.0,False,True,89540,19256.617980000003,2021-07-27,0.0296,2646,498,city,SP,0,0
São José do Rio Preto,3549805.0,2021-07-29,202130,464983.0,460671.0,False,True,89540,19256.617980000003,2021-07-27,0.0296,2646,499,city,SP,0,0
São José do Rio Preto,3549805.0,2021-07-30,202130,464983.0,460671.0,False,False,90164,19390.816440000002,2021-07-30,0.0295,2659,500,city,SP,624,13
São José do Rio Preto,3549805.0,2021-07-31,202130,464983.0,460671.0,False,False,90348,19430.38778,2021-07-31,0.0295,2665,501,city,SP,184,6
São José do Rio Preto,3549805.0,2021-08-01,202131,464983.0,460671.0,False,False,90495,19462.00184,2021-08-01,0.0295,2669,502,city,SP,147,4
São José do Rio Preto,3549805.0,2021-08-02,202131,464983.0,460671.0,False,False,90530,19469.52899,2021-08-02,0.0295,2671,503,city,SP,35,2
São José do Rio Preto,3549805.0,2021-08-03,202131,464983.0,460671.0,False,False,90640,19493.18577,2021-08-03,0.0295,2677,504,city,SP,110,6
São José do Rio Preto,3549805.0,2021-08-04,202131,464983.0,460671.0,False,False,90729,19512.326259999998,2021-08-04,0.0296,2684,505,city,SP,89,7
São José do Rio Preto,3549805.0,2021-08-05,202131,464983.0,460671.0,False,True,90729,19512.326259999998,2021-08-04,0.0296,2684,506,city,SP,0,0
São José do Rio Preto,3549805.0,2021-08-06,202131,464983.0,460671.0,False,False,91074,19586.52252,2021-08-06,0.0295,2691,507,city,SP,345,7
São José do Rio Preto,3549805.0,2021-08-07,202131,464983.0,460671.0,False,True,91074,19586.52252,2021-08-06,0.0295,2691,508,city,SP,0,0
São José do Rio Preto,3549805.0,2021-08-08,202132,464983.0,460671.0,False,True,91074,19586.52252,2021-08-06,0.0295,2691,509,city,SP,0,0
São José do Rio Preto,3549805.0,2021-08-09,202132,464983.0,460671.0,False,False,91265,19627.599290000002,2021-08-09,0.0296,2697,510,city,SP,191,6
São José do Rio Preto,3549805.0,2021-08-10,202132,464983.0,460671.0,False,False,91376,19651.47113,2021-08-10,0.0296,2701,511,city,SP,111,4
São José do Rio Preto,3549805.0,2021-08-11,202132,464983.0,460671.0,False,False,91464,19670.39655,2021-08-11,0.0295,2702,512,city,SP,88,1
São José do Rio Preto,3549805.0,2021-08-12,202132,464983.0,460671.0,False,False,91610,19701.79555,2021-08-12,0.0295,2706,513,city,SP,146,4
São José do Rio Preto,3549805.0,2021-08-13,202132,464983.0,460671.0,False,False,91712,19723.73184,2021-08-13,0.0295,2708,514,city,SP,102,2
São José do Rio Preto,3549805.0,2021-08-14,202132,464983.0,460671.0,False,False,91808,19744.37775,2021-08-14,0.0296,2713,515,city,SP,96,5
São José do Rio Preto,3549805.0,2021-08-15,202133,464983.0,460671.0,False,False,91874,19758.571819999997,2021-08-15,0.0296,2715,516,city,SP,66,2
São José do Rio Preto,3549805.0,2021-08-16,202133,464983.0,460671.0,False,False,91907,19765.66885,2021-08-16,0.0296,2716,517,city,SP,33,1
São José do Rio Preto,3549805.0,2021-08-17,202133,464983.0,460671.0,False,False,91993,19784.16415,2021-08-17,0.0296,2725,518,city,SP,86,9
São José do Rio Preto,3549805.0,2021-08-18,202133,464983.0,460671.0,False,False,92080,19802.874509999998,2021-08-18,0.0296,2727,519,city,SP,87,2
São José do Rio Preto,3549805.0,2021-08-19,202133,464983.0,460671.0,False,False,92251,19839.65005,2021-08-19,0.0296,2729,520,city,SP,171,2
São José do Rio Preto,3549805.0,2021-08-20,202133,464983.0,460671.0,False,False,92336,19857.93029,2021-08-20,0.0296,2729,521,city,SP,85,0
São José do Rio Preto,3549805.0,2021-08-21,202133,464983.0,460671.0,False,True,92336,19857.93029,2021-08-20,0.0296,2729,522,city,SP,0,0
São José do Rio Preto,3549805.0,2021-08-22,202134,464983.0,460671.0,False,True,92336,19857.93029,2021-08-20,0.0296,2729,523,city,SP,0,0
São José do Rio Preto,3549805.0,2021-08-23,202134,464983.0,460671.0,False,False,92516,19896.64138,2021-08-23,0.0296,2736,524,city,SP,180,7
São José do Rio Preto,3549805.0,2021-08-24,202134,464983.0,460671.0,False,False,92604,19915.56681,2021-08-24,0.0296,2738,525,city,SP,88,2
São José do Rio Preto,3549805.0,2021-08-25,202134,464983.0,460671.0,False,False,92709,19938.14828,2021-08-25,0.0295,2739,526,city,SP,105,1
São José do Rio Preto,3549805.0,2021-08-26,202134,464983.0,460671.0,False,False,92758,19948.6863,2021-08-26,0.0296,2742,527,city,SP,49,3
São José do Rio Preto,3549805.0,2021-08-27,202134,464983.0,460671.0,False,False,92824,19962.88036,2021-08-27,0.0296,2747,528,city,SP,66,5
São José do Rio Preto,3549805.0,2021-08-28,202134,464983.0,460671.0,False,True,92824,19962.88036,2021-08-27,0.0296,2747,529,city,SP,0,0
São José do Rio Preto,3549805.0,2021-08-29,202135,464983.0,460671.0,False,False,92956,19991.2685,2021-08-29,0.0296,2750,530,city,SP,132,3
São José do Rio Preto,3549805.0,2021-08-30,202135,464983.0,460671.0,False,False,92984,19997.29022,2021-08-30,0.0296,2748,531,city,SP,28,-2
São José do Rio Preto,3549805.0,2021-08-31,202135,464983.0,460671.0,False,False,93050,20011.48429,2021-08-31,0.0295,2749,532,city,SP,66,1
São José do Rio Preto,3549805.0,2021-09-01,202135,464983.0,460671.0,False,False,93125,20027.61391,2021-09-01,0.0295,2750,533,city,SP,75,1
São José do Rio Preto,3549805.0,2021-09-02,202135,464983.0,460671.0,False,False,93187,20040.94773,2021-09-02,0.0295,2752,534,city,SP,62,2
São José do Rio Preto,3549805.0,2021-09-03,202135,464983.0,460671.0,False,False,93252,20054.92674,2021-09-03,0.0295,2754,535,city,SP,65,2
São José do Rio Preto,3549805.0,2021-09-04,202135,464983.0,460671.0,False,True,93252,20054.92674,2021-09-03,0.0295,2754,536,city,SP,0,0
São José do Rio Preto,3549805.0,2021-09-05,202136,464983.0,460671.0,False,False,93365,20079.2287,2021-09-05,0.0295,2757,537,city,SP,113,3
São José do Rio Preto,3549805.0,2021-09-06,202136,464983.0,460671.0,False,False,93373,20080.9492,2021-09-06,0.0295,2758,538,city,SP,8,1
São José do Rio Preto,3549805.0,2021-09-07,202136,464983.0,460671.0,False,False,93416,20090.19685,2021-09-07,0.0295,2759,539,city,SP,43,1
São José do Rio Preto,3549805.0,2021-09-08,202136,464983.0,460671.0,False,False,93451,20097.724,2021-09-08,0.0295,2760,540,city,SP,35,1
São José do Rio Preto,3549805.0,2021-09-09,202136,464983.0,460671.0,False,False,93459,20099.4445,2021-09-09,0.0296,2762,541,city,SP,8,2
São José do Rio Preto,3549805.0,2021-09-10,202136,464983.0,460671.0,False,False,93460,20099.65956,2021-09-10,0.0296,2762,542,city,SP,1,0
São José do Rio Preto,3549805.0,2021-09-11,202136,464983.0,460671.0,False,True,93460,20099.65956,2021-09-10,0.0296,2762,543,city,SP,0,0
São José do Rio Preto,3549805.0,2021-09-12,202137,464983.0,460671.0,False,False,93489,20105.89634,2021-09-12,0.0296,2767,544,city,SP,29,5
São José do Rio Preto,3549805.0,2021-09-13,202137,464983.0,460671.0,False,False,93490,20106.111409999998,2021-09-13,0.0296,2769,545,city,SP,1,2
São José do Rio Preto,3549805.0,2021-09-14,202137,464983.0,460671.0,False,False,93496,20107.40178,2021-09-14,0.0296,2769,546,city,SP,6,0
São José do Rio Preto,3549805.0,2021-09-15,202137,464983.0,460671.0,False,False,93525,20113.63856,2021-09-15,0.0296,2770,547,city,SP,29,1
São José do Rio Preto,3549805.0,2021-09-16,202137,464983.0,460671.0,False,True,93525,20113.63856,2021-09-15,0.0296,2770,548,city,SP,0,0
São José do Rio Preto,3549805.0,2021-09-17,202137,464983.0,460671.0,False,True,93525,20113.63856,2021-09-15,0.0296,2770,549,city,SP,0,0
São José do Rio Preto,3549805.0,2021-09-18,202137,464983.0,460671.0,False,True,93525,20113.63856,2021-09-15,0.0296,2770,550,city,SP,0,0
São José do Rio Preto,3549805.0,2021-09-19,202138,464983.0,460671.0,False,False,94747,20376.44387,2021-09-19,0.0293,2773,551,city,SP,1222,3
São José do Rio Preto,3549805.0,2021-09-20,202138,464983.0,460671.0,False,False,94759,20379.02461,2021-09-20,0.0293,2773,552,city,SP,12,0
São José do Rio Preto,3549805.0,2021-09-21,202138,464983.0,460671.0,False,False,94775,20382.4656,2021-09-21,0.0293,2778,553,city,SP,16,5
São José do Rio Preto,3549805.0,2021-09-22,202138,464983.0,460671.0,False,False,94813,20390.63794,2021-09-22,0.0293,2781,554,city,SP,38,3
São José do Rio Preto,3549805.0,2021-09-23,202138,464983.0,460671.0,False,False,94864,20401.60608,2021-09-23,0.0293,2782,555,city,SP,51,1
São José do Rio Preto,3549805.0,2021-09-24,202138,464983.0,460671.0,False,False,94908,20411.06879,2021-09-24,0.0293,2783,556,city,SP,44,1
São José do Rio Preto,3549805.0,2021-09-25,202138,464983.0,460671.0,False,True,94908,20411.06879,2021-09-24,0.0293,2783,557,city,SP,0,0
São José do Rio Preto,3549805.0,2021-09-26,202139,464983.0,460671.0,False,True,94908,20411.06879,2021-09-24,0.0293,2783,558,city,SP,0,0
São José do Rio Preto,3549805.0,2021-09-27,202139,464983.0,460671.0,False,True,94908,20411.06879,2021-09-24,0.0293,2783,559,city,SP,0,0
São José do Rio Preto,3549805.0,2021-09-28,202139,464983.0,460671.0,False,False,95009,20432.79002,2021-09-28,0.0293,2788,560,city,SP,101,5
São José do Rio Preto,3549805.0,2021-09-29,202139,464983.0,460671.0,False,False,95057,20443.11297,2021-09-29,0.0294,2791,561,city,SP,48,3
São José do Rio Preto,3549805.0,2021-09-30,202139,464983.0,460671.0,False,True,95057,20443.11297,2021-09-29,0.0294,2791,562,city,SP,0,0
São José do Rio Preto,3549805.0,2021-10-01,202139,464983.0,460671.0,False,False,95146,20462.25346,2021-10-01,0.0293,2792,563,city,SP,89,1
São José do Rio Preto,3549805.0,2021-10-02,202139,464983.0,460671.0,False,True,95146,20462.25346,2021-10-01,0.0293,2792,564,city,SP,0,0
São José do Rio Preto,3549805.0,2021-10-03,202140,464983.0,460671.0,False,True,95146,20462.25346,2021-10-01,0.0293,2792,565,city,SP,0,0
São José do Rio Preto,3549805.0,2021-10-04,202140,464983.0,460671.0,False,True,95146,20462.25346,2021-10-01,0.0293,2792,566,city,SP,0,0
São José do Rio Preto,3549805.0,2021-10-05,202140,464983.0,460671.0,False,True,95146,20462.25346,2021-10-01,0.0293,2792,567,city,SP,0,0
São José do Rio Preto,3549805.0,2021-10-06,202140,464983.0,460671.0,False,True,95146,20462.25346,2021-10-01,0.0293,2792,568,city,SP,0,0
São José do Rio Preto,3549805.0,2021-10-07,202140,464983.0,460671.0,False,True,95146,20462.25346,2021-10-01,0.0293,2792,569,city,SP,0,0
São José do Rio Preto,3549805.0,2021-10-08,202140,464983.0,460671.0,False,True,95146,20462.25346,2021-10-01,0.0293,2792,570,city,SP,0,0
São José do Rio Preto,3549805.0,2021-10-09,202140,464983.0,460671.0,False,True,95146,20462.25346,2021-10-01,0.0293,2792,571,city,SP,0,0
São José do Rio Preto,3549805.0,2021-10-10,202141,464983.0,460671.0,False,True,95146,20462.25346,2021-10-01,0.0293,2792,572,city,SP,0,0
São José do Rio Preto,3549805.0,2021-10-11,202141,464983.0,460671.0,False,True,95146,20462.25346,2021-10-01,0.0293,2792,573,city,SP,0,0
São José do Rio Preto,3549805.0,2021-10-12,202141,464983.0,460671.0,False,False,95466,20531.07318,2021-10-12,0.0293,2799,574,city,SP,320,7
São José do Rio Preto,3549805.0,2021-10-13,202141,464983.0,460671.0,False,False,95474,20532.79367,2021-10-13,0.0293,2800,575,city,SP,8,1
São José do Rio Preto,3549805.0,2021-10-14,202141,464983.0,460671.0,False,False,95520,20542.68651,2021-10-14,0.0293,2801,576,city,SP,46,1
São José do Rio Preto,3549805.0,2021-10-15,202141,464983.0,460671.0,False,False,95584,20556.45045,2021-10-15,0.0293,2801,577,city,SP,64,0
São José do Rio Preto,3549805.0,2021-10-16,202141,464983.0,460671.0,False,True,95584,20556.45045,2021-10-15,0.0293,2801,578,city,SP,0,0
São José do Rio Preto,3549805.0,2021-10-17,202142,464983.0,460671.0,False,True,95584,20556.45045,2021-10-15,0.0293,2801,579,city,SP,0,0
São José do Rio Preto,3549805.0,2021-10-18,202142,464983.0,460671.0,False,False,95630,20566.34329,2021-10-18,0.0293,2802,580,city,SP,46,1
São José do Rio Preto,3549805.0,2021-10-19,202142,464983.0,460671.0,False,False,95639,20568.27884,2021-10-19,0.0293,2804,581,city,SP,9,2
São José do Rio Preto,3549805.0,2021-10-20,202142,464983.0,460671.0,False,False,95680,20577.09637,2021-10-20,0.0293,2805,582,city,SP,41,1
São José do Rio Preto,3549805.0,2021-10-21,202142,464983.0,460671.0,False,False,95705,20582.47291,2021-10-21,0.0293,2806,583,city,SP,25,1
São José do Rio Preto,3549805.0,2021-10-22,202142,464983.0,460671.0,False,False,95722,20586.12896,2021-10-22,0.0293,2808,584,city,SP,17,2
São José do Rio Preto,3549805.0,2021-10-23,202142,464983.0,460671.0,False,True,95722,20586.12896,2021-10-22,0.0293,2808,585,city,SP,0,0
São José do Rio Preto,3549805.0,2021-10-24,202143,464983.0,460671.0,False,True,95722,20586.12896,2021-10-22,0.0293,2808,586,city,SP,0,0
São José do Rio Preto,3549805.0,2021-10-25,202143,464983.0,460671.0,False,False,95748,20591.720559999998,2021-10-25,0.0293,2809,587,city,SP,26,1
São José do Rio Preto,3549805.0,2021-10-26,202143,464983.0,460671.0,False,False,95758,20593.87117,2021-10-26,0.0294,2811,588,city,SP,10,2
São José do Rio Preto,3549805.0,2021-10-27,202143,464983.0,460671.0,False,False,95769,20596.23685,2021-10-27,0.0294,2812,589,city,SP,11,1
São José do Rio Preto,3549805.0,2021-10-28,202143,464983.0,460671.0,False,False,95803,20603.54895,2021-10-28,0.0293,2809,590,city,SP,34,-3
São José do Rio Preto,3549805.0,2021-10-29,202143,464983.0,460671.0,False,False,95811,20605.26944,2021-10-29,0.0293,2810,591,city,SP,8,1
São José do Rio Preto,3549805.0,2021-10-30,202143,464983.0,460671.0,False,True,95811,20605.26944,2021-10-29,0.0293,2810,592,city,SP,0,0
São José do Rio Preto,3549805.0,2021-10-31,202144,464983.0,460671.0,False,True,95811,20605.26944,2021-10-29,0.0293,2810,593,city,SP,0,0
São José do Rio Preto,3549805.0,2021-11-01,202144,464983.0,460671.0,False,True,95811,20605.26944,2021-10-29,0.0293,2810,594,city,SP,0,0
São José do Rio Preto,3549805.0,2021-11-02,202144,464983.0,460671.0,False,True,95811,20605.26944,2021-10-29,0.0293,2810,595,city,SP,0,0
São José do Rio Preto,3549805.0,2021-11-03,202144,464983.0,460671.0,False,False,95884,20620.96894,2021-11-03,0.0293,2810,596,city,SP,73,0
São José do Rio Preto,3549805.0,2021-11-04,202144,464983.0,460671.0,False,True,95884,20620.96894,2021-11-03,0.0293,2810,597,city,SP,0,0
São José do Rio Preto,3549805.0,2021-11-05,202144,464983.0,460671.0,False,True,95884,20620.96894,2021-11-03,0.0293,2810,598,city,SP,0,0
São José do Rio Preto,3549805.0,2021-11-06,202144,464983.0,460671.0,False,True,95884,20620.96894,2021-11-03,0.0293,2810,599,city,SP,0,0
São José do Rio Preto,3549805.0,2021-11-07,202145,464983.0,460671.0,False,False,95955,20636.23831,2021-11-07,0.0293,2812,600,city,SP,71,2
São José do Rio Preto,3549805.0,2021-11-08,202145,464983.0,460671.0,False,False,95960,20637.313619999997,2021-11-08,0.0293,2812,601,city,SP,5,0
São José do Rio Preto,3549805.0,2021-11-09,202145,464983.0,460671.0,False,False,95974,20640.324480000003,2021-11-09,0.0293,2812,602,city,SP,14,0
São José do Rio Preto,3549805.0,2021-11-10,202145,464983.0,460671.0,False,True,95974,20640.324480000003,2021-11-09,0.0293,2812,603,city,SP,0,0
São José do Rio Preto,3549805.0,2021-11-11,202145,464983.0,460671.0,False,False,96002,20646.34621,2021-11-11,0.0293,2812,604,city,SP,28,0
São José do Rio Preto,3549805.0,2021-11-12,202145,464983.0,460671.0,False,True,96002,20646.34621,2021-11-11,0.0293,2812,605,city,SP,0,0
São José do Rio Preto,3549805.0,2021-11-13,202145,464983.0,460671.0,False,True,96002,20646.34621,2021-11-11,0.0293,2812,606,city,SP,0,0
São José do Rio Preto,3549805.0,2021-11-14,202146,464983.0,460671.0,False,True,96002,20646.34621,2021-11-11,0.0293,2812,607,city,SP,0,0
São José do Rio Preto,3549805.0,2021-11-15,202146,464983.0,460671.0,False,True,96002,20646.34621,2021-11-11,0.0293,2812,608,city,SP,0,0
São José do Rio Preto,3549805.0,2021-11-16,202146,464983.0,460671.0,False,True,96002,20646.34621,2021-11-11,0.0293,2812,609,city,SP,0,0
São José do Rio Preto,3549805.0,2021-11-17,202146,464983.0,460671.0,False,True,96002,20646.34621,2021-11-11,0.0293,2812,610,city,SP,0,0
São José do Rio Preto,3549805.0,2021-11-18,202146,464983.0,460671.0,False,False,96045,20655.59386,2021-11-18,0.0294,2819,611,city,SP,43,7
São José do Rio Preto,3549805.0,2021-11-19,202146,464983.0,460671.0,False,True,96045,20655.59386,2021-11-18,0.0294,2819,612,city,SP,0,0
São José do Rio Preto,3549805.0,2021-11-20,202146,464983.0,460671.0,False,True,96045,20655.59386,2021-11-18,0.0294,2819,613,city,SP,0,0
São José do Rio Preto,3549805.0,2021-11-21,202147,464983.0,460671.0,False,True,96045,20655.59386,2021-11-18,0.0294,2819,614,city,SP,0,0
São José do Rio Preto,3549805.0,2021-11-22,202147,464983.0,460671.0,False,True,96045,20655.59386,2021-11-18,0.0294,2819,615,city,SP,0,0
São José do Rio Preto,3549805.0,2021-11-23,202147,464983.0,460671.0,False,False,96086,20664.41139,2021-11-23,0.0293,2820,616,city,SP,41,1
São José do Rio Preto,3549805.0,2021-11-24,202147,464983.0,460671.0,False,False,96097,20666.77706,2021-11-24,0.0293,2820,617,city,SP,11,0
São José do Rio Preto,3549805.0,2021-11-25,202147,464983.0,460671.0,False,True,96097,20666.77706,2021-11-24,0.0293,2820,618,city,SP,0,0
São José do Rio Preto,3549805.0,2021-11-26,202147,464983.0,460671.0,False,True,96097,20666.77706,2021-11-24,0.0293,2820,619,city,SP,0,0
São José do Rio Preto,3549805.0,2021-11-27,202147,464983.0,460671.0,False,True,96097,20666.77706,2021-11-24,0.0293,2820,620,city,SP,0,0
São José do Rio Preto,3549805.0,2021-11-28,202148,464983.0,460671.0,False,True,96097,20666.77706,2021-11-24,0.0293,2820,621,city,SP,0,0
São José do Rio Preto,3549805.0,2021-11-29,202148,464983.0,460671.0,False,True,96097,20666.77706,2021-11-24,0.0293,2820,622,city,SP,0,0
São José do Rio Preto,3549805.0,2021-11-30,202148,464983.0,460671.0,False,True,96097,20666.77706,2021-11-24,0.0293,2820,623,city,SP,0,0
São José do Rio Preto,3549805.0,2021-12-01,202148,464983.0,460671.0,False,True,96097,20666.77706,2021-11-24,0.0293,2820,624,city,SP,0,0
São José do Rio Preto,3549805.0,2021-12-02,202148,464983.0,460671.0,False,True,96097,20666.77706,2021-11-24,0.0293,2820,625,city,SP,0,0
São José do Rio Preto,3549805.0,2021-12-03,202148,464983.0,460671.0,False,True,96097,20666.77706,2021-11-24,0.0293,2820,626,city,SP,0,0
São José do Rio Preto,3549805.0,2021-12-04,202148,464983.0,460671.0,False,True,96097,20666.77706,2021-11-24,0.0293,2820,627,city,SP,0,0
São José do Rio Preto,3549805.0,2021-12-05,202149,464983.0,460671.0,False,True,96097,20666.77706,2021-11-24,0.0293,2820,628,city,SP,0,0
São José do Rio Preto,3549805.0,2021-12-06,202149,464983.0,460671.0,True,False,96187,20686.13261,2021-12-06,0.0294,2824,629,city,SP,90,4
São José do Rio Preto,3549805.0,2021-12-07,202149,464983.0,460671.0,False,True,96187,20686.13261,2021-12-06,0.0294,2824,630,city,SP,0,0
São José do Rio Preto,3549805.0,2021-12-08,202149,464983.0,460671.0,False,True,96187,20686.13261,2021-12-06,0.0294,2824,631,city,SP,0,0
São José do Rio Preto,3549805.0,2021-12-09,202149,464983.0,460671.0,False,True,96187,20686.13261,2021-12-06,0.0294,2824,632,city,SP,0,0
São José do Rio Preto,3549805.0,2021-12-10,202149,464983.0,460671.0,False,True,96187,20686.13261,2021-12-06,0.0294,2824,633,city,SP,0,0
São José do Rio Preto,3549805.0,2021-12-11,202149,464983.0,460671.0,False,True,96187,20686.13261,2021-12-06,0.0294,2824,634,city,SP,0,0
São José do Rio Preto,3549805.0,2021-12-12,202150,464983.0,460671.0,False,True,96187,20686.13261,2021-12-06,0.0294,2824,635,city,SP,0,0
São José do Rio Preto,3549805.0,2021-12-13,202150,464983.0,460671.0,False,True,96187,20686.13261,2021-12-06,0.0294,2824,636,city,SP,0,0
São José do Rio Preto,3549805.0,2021-12-14,202150,464983.0,460671.0,False,True,96187,20686.13261,2021-12-06,0.0294,2824,637,city,SP,0,0
São José do Rio Preto,3549805.0,2021-12-15,202150,464983.0,460671.0,False,True,96187,20686.13261,2021-12-06,0.0294,2824,638,city,SP,0,0
São José do Rio Preto,3549805.0,2021-12-16,202150,464983.0,460671.0,False,True,96187,20686.13261,2021-12-06,0.0294,2824,639,city,SP,0,0
São José do Rio Preto,3549805.0,2021-12-17,202150,464983.0,460671.0,False,True,96187,20686.13261,2021-12-06,0.0294,2824,640,city,SP,0,0
São José do Rio Preto,3549805.0,2021-12-18,202150,464983.0,460671.0,False,True,96187,20686.13261,2021-12-06,0.0294,2824,641,city,SP,0,0
São José do Rio Preto,3549805.0,2021-12-19,202151,464983.0,460671.0,False,True,96187,20686.13261,2021-12-06,0.0294,2824,642,city,SP,0,0
São José do Rio Preto,3549805.0,2021-12-20,202151,464983.0,460671.0,False,True,96187,20686.13261,2021-12-06,0.0294,2824,643,city,SP,0,0
São José do Rio Preto,3549805.0,2021-12-21,202151,464983.0,460671.0,False,True,96187,20686.13261,2021-12-06,0.0294,2824,644,city,SP,0,0
